Pachycormidae,Animalia,Chordata,Osteichthyes,M,,,,,,,,,,,,,,,,,,,,,,,,,,,,,,,,,,,,,,,,,,,,,,,,,,,,,F1,1,1,1,1,1,1,1,1,1,1,1,1,1,1,1,1,1,L1,,,,,,,,,,,,,,,
Aspidorhynchidae,Animalia,Chordata,Osteichthyes,MF,,,,,,,,,,,,,,,,,,,,,,,,,,,,,,,,,,,,,,,,,,,,,,,,,,,,,,,,F1,1,1,1,1,1,1,1,1,1,1,1,1,1,1,1,1,1,L1,,,,,,,,,,,,
Pleuropholidae,Animalia,Chordata,Osteichthyes,MF,,,,,,,,,,,,,,,,,,,,,,,,,,,,,,,,,,,,,,,,,,,,,,,,,,,,,,,,,,,F1,1,1,1,1,1,L1,,,,,,,,,,,,,,,,,,,,,
Pholidophoridae,Animalia,Chordata,Osteichthyes,MF,,,,,,,,,,,,,,,,,,,,,,,,,,,,,,,,,,,,,,,,,,,,,,,F1,1,1,1,1,1,1,1,1,1,1,1,1,1,1,1,1,1,L1,,,,,,,,,,,,,,,,,,,,,
Ichthyokentemidae,Animalia,Chordata,Osteichthyes,MF,,,,,,,,,,,,,,,,,,,,,,,,,,,,,,,,,,,,,,,,,,,,,,,F1,1,1,1,1,1,1,1,1,1,1,1,1,L1,,,,,,,,,,,,,,,,,,,,,,,,,,
Siyuichthyidae,Animalia,Chordata,Osteichthyes,F,,,,,,,,,,,,,,,,,,,,,,,,,,,,,,,,,,,,,,,,,,,,,,,,,,,,,,,,,,,,,F1,1,1,1,1,L1,,,,,,,,,,,,,,,,,,,,
Leptolepididae,Animalia,Chordata,Osteichthyes,MF,,,,,,,,,,,,,,,,,,,,,,,,,,,,,,,,,,,,,,,,,,,,,,,,,,,F1,1,1,1,1,1,1,1,1,1,1,1,1,1,L2,?L,,,,,,,,,,,,,,,,,,,,
Allothrissopidae,Animalia,Chordata,Osteichthyes,M,,,,,,,,,,,,,,,,,,,,,,,,,,,,,,,,,,,,,,,,,,,,,,,,,,,,,,,,,,,F1,L1,,,,,,,,,,,,,,,,,,,,,,,,,,
Ichthyodectidae,Animalia,Chordata,Osteichthyes,M,,,,,,,,,,,,,,,,,,,,,,,,,,,,,,,,,,,,,,,,,,,,,,,,,,,,,,,,,,,F1,1,1,1,1,1,1,1,1,1,1,1,L1,,,,,,,,,,,,,,,
Saurodontidae,Animalia,Chordata,Osteichthyes,M,,,,,,,,,,,,,,,,,,,,,,,,,,,,,,,,,,,,,,,,,,,,,,,,,,,,,,,,,,,,,,,,,,,F1,1,1,1,1,L1,,,,,,,,,,,,,,
Huashiidae,Animalia,Chordata,Osteichthyes,F,,,,,,,,,,,,,,,,,,,,,,,,,,,,,,,,,,,,,,,,,,,,,,,,,,,,,,,,,,?F,?,?,?,?,?,?,?,?L,,,,,,,,,,,,,,,,,,,,
Hiodontidae,Animalia,Chordata,Osteichthyes,F,,,,,,,,,,,,,,,,,,,,,,,,,,,,,,,,,,,,,,,,,,,,,,,,,,,,,,,,,,?F,?,?,?,?,?,?,?,F2,1,1,1,1,1,1,1,1,1,1,1,1,1,1,1,1,1,1,1,1
? Ostariostomidae,Animalia,Chordata,Osteichthyes,F,,,,,,,,,,,,,,,,,,,,,,,,,,,,,,,,,,,,,,,,,,,,,,,,,,,,,,,,,,,,,,,,,,,,,,,,?F,?L,,,,,,,,,,,,,
Notopteridae,Animalia,Chordata,Osteichthyes,F,,,,,,,,,,,,,,,,,,,,,,,,,,,,,,,,,,,,,,,,,,,,,,,,,,,,,,,,,,,,,,,,,,,,,,,,,?F,F2,1,1,1,1,1,1,1,1,1,1,1,1
Mormyridae,Animalia,Chordata,Osteichthyes,F,,,,,,,,,,,,,,,,,,,,,,,,,,,,,,,,,,,,,,,,,,,,,,,,,,,,,,,,,,,,,,,,,,,,,,,,,,,,,,,,,,,,F1,1,1
Osteoglossidae,Animalia,Chordata,Osteichthyes,MF,,,,,,,,,,,,,,,,,,,,,,,,,,,,,,,,,,,,,,,,,,,,,,,,,,,,,,,,,,,,,,,,,,,,,,,,,F1,1,1,1,1,1,1,1,1,1,1,1,1,1
Arapaimidae,Animalia,Chordata,Osteichthyes,F,,,,,,,,,,,,,,,,,,,,,,,,,,,,,,,,,,,,,,,,,,,,,,,,,,,,,,,,,,,,,,,,,F1,1,1,1,1,1,1,1,1,1,1,1,1,1,1,1,1,1,1,1,1,1
Prostostomiatidae,Animalia,Chordata,Osteichthyes,M,,,,,,,,,,,,,,,,,,,,,,,,,,,,,,,,,,,,,,,,,,,,,,,,,,,,,,,,,,,,,,,,,,,F1,1,1,L1,,,,,,,,,,,,,,,,
Elopidae,Animalia,Chordata,Osteichthyes,M,,,,,,,,,,,,,,,,,,,,,,,,,,,,,,,,,,,,,,,,,,,,,,,,,,,,,,,,,,,,,,,,,,,F1,1,1,1,1,1,1,1,1,1,1,1,1,1,1,1,1,1,1,1
Megalopidae,Animalia,Chordata,Osteichthyes,M,,,,,,,,,,,,,,,,,,,,,,,,,,,,,,,,,,,,,,,,,,,,,,,,,,,,,,,,,,,,,,,,,,F1,1,1,1,1,1,1,1,1,1,1,1,1,1,1,1,1,1,1,1,1
Albulidae,Animalia,Chordata,Osteichthyes,M,,,,,,,,,,,,,,,,,,,,,,,,,,,,,,,,,,,,,,,,,,,,,,,,,,,,,,,,,,,,,,,,,,,F1,1,1,1,1,1,1,1,1,1,1,1,1,1,1,1,1,1,1,1
Phyllodontidae,Animalia,Chordata,Osteichthyes,M,,,,,,,,,,,,,,,,,,,,,,,,,,,,,,,,,,,,,,,,,,,,,,,,,,,,,,,,,,,,,,,,,,F1,1,1,1,1,1,1,1,1,1,1,1,L1,,,,,,,,
Pterothrissidae,Animalia,Chordata,Osteichthyes,M,,,,,,,,,,,,,,,,,,,,,,,,,,,,,,,,,,,,,,,,,,,,,,,,,,,,,,,,,,,,,,,,,,,F1,1,1,1,1,1,1,1,1,1,1,1,1,1,1,1,1,1,1,1
Halosauridae,Animalia,Chordata,Osteichthyes,M,,,,,,,,,,,,,,,,,,,,,,,,,,,,,,,,,,,,,,,,,,,,,,,,,,,,,,,,,,,,,,,,,,,,,,,F1,1,1,1,1,1,1,1,1,1,1,1,1,1,1,1
Notacanthidae,Animalia,Chordata,Osteichthyes,M,,,,,,,,,,,,,,,,,,,,,,,,,,,,,,,,,,,,,,,,,,,,,,,,,,,,,,,,,,,,,,,,,,,,,,,,,,,,F1,1,1,1,1,1,1,1,1,1,1
Anguilloididae,Animalia,Chordata,Osteichthyes,M,,,,,,,,,,,,,,,,,,,,,,,,,,,,,,,,,,,,,,,,,,,,,,,,,,,,,,,,,,,,,,,,,,,,,,,,,,,,FL,,,,,,,,,,
Milananguillidae,Animalia,Chordata,Osteichthyes,M,,,,,,,,,,,,,,,,,,,,,,,,,,,,,,,,,,,,,,,,,,,,,,,,,,,,,,,,,,,,,,,,,,,,,,,,,,,,FL,,,,,,,,,,
Anguillidae,Animalia,Chordata,Osteichthyes,MF,,,,,,,,,,,,,,,,,,,,,,,,,,,,,,,,,,,,,,,,,,,,,,,,,,,,,,,,,,,,,,,,,,,,,,,,,,,F1,1,1,1,1,1,1,1,1,1,1,1
Heterenchelyidae,Animalia,Chordata,Osteichthyes,M,,,,,,,,,,,,,,,,,,,,,,,,,,,,,,,,,,,,,,,,,,,,,,,,,,,,,,,,,,,,,,,,,,,,,,,,,,,?F,F2,1,1,1,1,1,1,1,1,1,1
Myrocongridae,Animalia,Chordata,Osteichthyes,M,,,,,,,,,,,,,,,,,,,,,,,,,,,,,,,,,,,,,,,,,,,,,,,,,,,,,,,,,,,,,,,,,,,,,,,,,,,,,,,?F,F2,1,1,1,1,1,1
Chlopsidae,Animalia,Chordata,Osteichthyes,M,,,,,,,,,,,,,,,,,,,,,,,,,,,,,,,,,,,,,,,,,,,,,,,,,,,,,,,,,,,,,,,,,,,,,,,,,,,,F1,1,1,1,1,1,1,1,1,1,1
Paranguillidae,Animalia,Chordata,Osteichthyes,M,,,,,,,,,,,,,,,,,,,,,,,,,,,,,,,,,,,,,,,,,,,,,,,,,,,,,,,,,,,,,,,,,,,,,,,,,,,,FL,,,,,,,,,,
Muraenidae,Animalia,Chordata,Osteichthyes,M,,,,,,,,,,,,,,,,,,,,,,,,,,,,,,,,,,,,,,,,,,,,,,,,,,,,,,,,,,,,,,,,,,,,,,,,,,,F1,1,1,1,1,1,1,1,1,1,1,1
Ophichthidae,Animalia,Chordata,Osteichthyes,M,,,,,,,,,,,,,,,,,,,,,,,,,,,,,,,,,,,,,,,,,,,,,,,,,,,,,,,,,,,,,,,,,,,,,,,,,,,F1,1,1,1,1,1,1,1,1,1,1,1
Proteomyridae,Animalia,Chordata,Osteichthyes,M,,,,,,,,,,,,,,,,,,,,,,,,,,,,,,,,,,,,,,,,,,,,,,,,,,,,,,,,,,,,,,,,,,,,,,,,,,,,FL,,,,,,,,,,
Parechelidae,Animalia,Chordata,Osteichthyes,M,,,,,,,,,,,,,,,,,,,,,,,,,,,,,,,,,,,,,,,,,,,,,,,,,,,,,,,,,,,,,,,,,,,,,,,,,,,FL,,,,,,,,,,,
Muraenesocidae,Animalia,Chordata,Osteichthyes,M,,,,,,,,,,,,,,,,,,,,,,,,,,,,,,,,,,,,,,,,,,,,,,,,,,,,,,,,,,,,,,,,,,,,,,,,,,,F1,1,1,1,1,1,1,1,1,1,1,1
Nemichthyidae,Animalia,Chordata,Osteichthyes,M,,,,,,,,,,,,,,,,,,,,,,,,,,,,,,,,,,,,,,,,,,,,,,,,,,,,,,,,,,,,,,,,,,,,,,,,,,,,,,,,,?F,F2,1,1,1,1
Congridae,Animalia,Chordata,Osteichthyes,M,,,,,,,,,,,,,,,,,,,,,,,,,,,,,,,,,,,,,,,,,,,,,,,,,,,,,,,,,,,,,,,,,,,,,,,?F,F2,1,1,1,1,1,1,1,1,1,1,1,1,1,1
Nettastomatidae,Animalia,Chordata,Osteichthyes,M,,,,,,,,,,,,,,,,,,,,,,,,,,,,,,,,,,,,,,,,,,,,,,,,,,,,,,,,,,,,,,,,,,,,,,,,,,,F1,1,1,1,1,1,1,1,1,1,1,1
Patavichthyidae,Animalia,Chordata,Osteichthyes,M,,,,,,,,,,,,,,,,,,,,,,,,,,,,,,,,,,,,,,,,,,,,,,,,,,,,,,,,,,,,,,,,,,,,,,,,,,,,F1,1,1,L1,,,,,,,
Saccopharynggoidei,Animalia,Chordata,Osteichthyes,M,,,,,,,,,,,,,,,,,,,,,,,,,,,,,,,,,,,,,,,,,,,,,,,,,,,,,,,,,,,,,,,,,,,FL,,,,,,,,,,,,,,,,,,,
Crossognathidae,Animalia,Chordata,Osteichthyes,M,,,,,,,,,,,,,,,,,,,,,,,,,,,,,,,,,,,,,,,,,,,,,,,,,,,,,,,,,,,,,,,,F1,1,1,1,1,1,1,L1,,,,,,,,,,,,,,,
Notelopidae,Animalia,Chordata,Osteichthyes,?M,,,,,,,,,,,,,,,,,,,,,,,,,,,,,,,,,,,,,,,,,,,,,,,,,,,,,,,,,,,,,,,,,FL,,,,,,,,,,,,,,,,,,,,,
Pachyrhizodontidae,Animalia,Chordata,Osteichthyes,M,,,,,,,,,,,,,,,,,,,,,,,,,,,,,,,,,,,,,,,,,,,,,,,,,,,,,,,,,,,,,,,,,F1,1,1,1,1,1,1,1,1,1,1,L1,,,,,,,,,,
Plethodidae,Animalia,Chordata,Osteichthyes,M,,,,,,,,,,,,,,,,,,,,,,,,,,,,,,,,,,,,,,,,,,,,,,,,,,,,,,,,,,,,,,,,,,F1,1,1,1,1,L1,,,,,,,,,,,,,,,
Ellimmichthyidae,Animalia,Chordata,Osteichthyes,MF,,,,,,,,,,,,,,,,,,,,,,,,,,,,,,,,,,,,,,,,,,,,,,,,,,,,,,,,,,,,,,,,F1,1,1,1,1,1,1,1,1,1,1,1,L1,,,,,,,,,,
Denticipitidae,Animalia,Chordata,Osteichthyes,F,,,,,,,,,,,,,,,,,,,,,,,,,,,,,,,,,,,,,,,,,,,,,,,,,,,,,,,,,,,,,,,,,,,,,,,,,,,,,,,?F,?,?,?,F2,1,1,1
Engraulidae,Animalia,Chordata,Osteichthyes,MF,,,,,,,,,,,,,,,,,,,,,,,,,,,,,,,,,,,,,,,,,,,,,,,,,,,,,,,,,,,,,,,,,,,,,,,,,,,,,,,,,F1,1,1,1,1,1
Chirocentridae,Animalia,Chordata,Osteichthyes,M,,,,,,,,,,,,,,,,,,,,,,,,,,,,,,,,,,,,,,,,,,,,,,,,,,,,,,,,,,,,,,,,,,,,,,,,,,,,F1,1,1,1,1,1,1,1,1,1,1
Clupeidae,Animalia,Chordata,Osteichthyes,MF,,,,,,,,,,,,,,,,,,,,,,,,,,,,,,,,,,,,,,,,,,,,,,,,,,,,,,,,,,,,,,,,,,,,,,,,,,F1,1,1,1,1,1,1,1,1,1,1,1,1
Umbridae,Animalia,Chordata,Osteichthyes,F,,,,,,,,,,,,,,,,,,,,,,,,,,,,,,,,,,,,,,,,,,,,,,,,,,,,,,,,,,,,,,,,,,,,,,,,,,?F,F2,1,1,1,1,1,1,1,1,1,1,1
Esocidae,Animalia,Chordata,Osteichthyes,F,,,,,,,,,,,,,,,,,,,,,,,,,,,,,,,,,,,,,,,,,,,,,,,,,,,,,,,,,,,,,,,,,,,,,,,F1,1,1,1,1,1,1,1,1,1,1,1,1,1,1,1
Chanidae,Animalia,Chordata,Osteichthyes,M,,,,,,,,,,,,,,,,,,,,,,,,,,,,,,,,,,,,,,,,,,,,,,,,,,,,,,,,,,,,,,,,,,,,,,,,,,,F1,1,1,1,1,1,1,1,1,1,1,1
Gonorhynchidae,Animalia,Chordata,Osteichthyes,MF,,,,,,,,,,,,,,,,,,,,,,,,,,,,,,,,,,,,,,,,,,,,,,,,,,,,,,,,,,,,,,,,,,,F1,1,1,1,1,1,1,1,1,1,1,1,1,1,1,1,1,1,1,1
Cyprinidae,Animalia,Chordata,Osteichthyes,F,,,,,,,,,,,,,,,,,,,,,,,,,,,,,,,,,,,,,,,,,,,,,,,,,,,,,,,,,,,,,,,,,,,,,,,,,,,F1,1,1,1,1,1,1,1,1,1,1,1
Cobitididae,Animalia,Chordata,Osteichthyes,F,,,,,,,,,,,,,,,,,,,,,,,,,,,,,,,,,,,,,,,,,,,,,,,,,,,,,,,,,,,,,,,,,,,,,,,,,,,,,,,,,,F1,1,1,1,1
Catostomidae,Animalia,Chordata,Osteichthyes,F,,,,,,,,,,,,,,,,,,,,,,,,,,,,,,,,,,,,,,,,,,,,,,,,,,,,,,,,,,,,,,,,,,,,,,,,,?F,F2,1,1,1,1,1,1,1,1,1,1,1,1
Hemiodontidae,Animalia,Chordata,Osteichthyes,F,,,,,,,,,,,,,,,,,,,,,,,,,,,,,,,,,,,,,,,,,,,,,,,,,,,,,,,,,,,,,,,,,,,,,,,,,,,,,,,,,F1,1,1,1,1,1
Curimatidae,Animalia,Chordata,Osteichthyes,F,,,,,,,,,,,,,,,,,,,,,,,,,,,,,,,,,,,,,,,,,,,,,,,,,,,,,,,,,,,,,,,,,,,,,,,,,,,,,,,,,,,,,F1,1
Anostomidae,Animalia,Chordata,Osteichthyes,F,,,,,,,,,,,,,,,,,,,,,,,,,,,,,,,,,,,,,,,,,,,,,,,,,,,,,,,,,,,,,,,,,,,,,,,,,,,,,,,,,F1,1,1,1,1,1
Erythrinidae,Animalia,Chordata,Osteichthyes,F,,,,,,,,,,,,,,,,,,,,,,,,,,,,,,,,,,,,,,,,,,,,,,,,,,,,,,,,,,,,,,,,,,,,,,,,,,,,,,,,,F1,1,1,1,1,1
Characidae,Animalia,Chordata,Osteichthyes,F,,,,,,,,,,,,,,,,,,,,,,,,,,,,,,,,,,,,,,,,,,,,,,,,,,,,,,,,,,,,,,,,,,,,,,,,,,,,,,,,,F1,1,1,1,1,1
Diplomystidae,Animalia,Chordata,Osteichthyes,F,,,,,,,,,,,,,,,,,,,,,,,,,,,,,,,,,,,,,,,,,,,,,,,,,,,,,,,,,,,,,,,,,,,,,,,F1,1,1,1,1,1,1,1,1,1,1,1,1,1,1,1
Hypsidoridae,Animalia,Chordata,Osteichthyes,F,,,,,,,,,,,,,,,,,,,,,,,,,,,,,,,,,,,,,,,,,,,,,,,,,,,,,,,,,,,,,,,,,,,,,,,,,,,,FL,,,,,,,,,,
Ictaluridae,Animalia,Chordata,Osteichthyes,F,,,,,,,,,,,,,,,,,,,,,,,,,,,,,,,,,,,,,,,,,,,,,,,,,,,,,,,,,,,,,,,,,,,,,,,,,,F1,1,1,1,1,1,1,1,1,1,1,1,1
Bagridae,Animalia,Chordata,Osteichthyes,F,,,,,,,,,,,,,,,,,,,,,,,,,,,,,,,,,,,,,,,,,,,,,,,,,,,,,,,,,,,,,,,,,,,,,,,,,,F1,1,1,1,1,1,1,1,1,1,1,1,1
Siluridae,Animalia,Chordata,Osteichthyes,F,,,,,,,,,,,,,,,,,,,,,,,,,,,,,,,,,,,,,,,,,,,,,,,,,,,,,,,,,,,,,,,,,,,,,,,,,,,,,,,,,,,F1,1,1,1
Pangasiidae,Animalia,Chordata,Osteichthyes,F,,,,,,,,,,,,,,,,,,,,,,,,,,,,,,,,,,,,,,,,,,,,,,,,,,,,,,,,,,,,,,,,,,,,,,,,,,,?F,?,?,F2,1,1,1,1,1,1,1,1
Sisoridae,Animalia,Chordata,Osteichthyes,F,,,,,,,,,,,,,,,,,,,,,,,,,,,,,,,,,,,,,,,,,,,,,,,,,,,,,,,,,,,,,,,,,,,,,,,,,,,,,,,,,,,,F1,1,1
Clariidae,Animalia,Chordata,Osteichthyes,F,,,,,,,,,,,,,,,,,,,,,,,,,,,,,,,,,,,,,,,,,,,,,,,,,,,,,,,,,,,,,,,,,,,,,,,,,,,,,,,,,,F1,1,1,1,1
Ariidae,Animalia,Chordata,Osteichthyes,MF,,,,,,,,,,,,,,,,,,,,,,,,,,,,,,,,,,,,,,,,,,,,,,,,,,,,,,,,,,,,,,,,,,,,,,,F1,1,1,1,1,1,1,1,1,1,1,1,1,1,1,1
Mochokidae,Animalia,Chordata,Osteichthyes,F,,,,,,,,,,,,,,,,,,,,,,,,,,,,,,,,,,,,,,,,,,,,,,,,,,,,,,,,,,,,,,,,,,,,,,,,,,,,,,,,,F1,1,1,1,1,1
Doradidae,Animalia,Chordata,Osteichthyes,F,,,,,,,,,,,,,,,,,,,,,,,,,,,,,,,,,,,,,,,,,,,,,,,,,,,,,,,,,,,,,,,,,,,,,,,,,,,,,,,,,?F,?,F2,1,1,1
Pimelodidae,Animalia,Chordata,Osteichthyes,F,,,,,,,,,,,,,,,,,,,,,,,,,,,,,,,,,,,,,,,,,,,,,,,,,,,,,,,,,,,,,,,,,,,,,,,,,,,,,,,,,,,F1,1,1,1
Callichthyidae,Animalia,Chordata,Osteichthyes,F,,,,,,,,,,,,,,,,,,,,,,,,,,,,,,,,,,,,,,,,,,,,,,,,,,,,,,,,,,,,,,,,,,,,,,,,,,F1,1,1,1,1,1,1,1,1,1,1,1,1
Loricariidae,Animalia,Chordata,Osteichthyes,F,,,,,,,,,,,,,,,,,,,,,,,,,,,,,,,,,,,,,,,,,,,,,,,,,,,,,,,,,,,,,,,,,,,,,,,,,,,,,,,,,?F,?,F2,1,1,1
Argentinidae,Animalia,Chordata,Osteichthyes,M,,,,,,,,,,,,,,,,,,,,,,,,,,,,,,,,,,,,,,,,,,,,,,,,,,,,,,,,,,,,,?F,F2,1,1,1,1,1,1,1,1,1,1,1,1,1,1,1,1,1,1,1,1,1,1,1,1
Microstomatidae,Animalia,Chordata,Osteichthyes,M,,,,,,,,,,,,,,,,,,,,,,,,,,,,,,,,,,,,,,,,,,,,,,,,,,,,,,,,,,,,,,,,,,,,,,,,,,,,,,,,,,F1,1,1,1,1
Bathylagidae,Animalia,Chordata,Osteichthyes,M,,,,,,,,,,,,,,,,,,,,,,,,,,,,,,,,,,,,,,,,,,,,,,,,,,,,,,,,,,,,,,,,,,,,,,,,,,,,,,F1,1,1,1,1,1,1,1,1
Alepocephalidae,Animalia,Chordata,Osteichthyes,M,,,,,,,,,,,,,,,,,,,,,,,,,,,,,,,,,,,,,,,,,,,,,,,,,,,,,,,,,,,,,,,,,,,,,,,,,,,,,,,,F1,1,1,1,1,1,1
Osmeridae,Animalia,Chordata,Osteichthyes,MF,,,,,,,,,,,,,,,,,,,,,,,,,,,,,,,,,,,,,,,,,,,,,,,,,,,,,,,,,,,,,,,,,,,,,,,,,,F1,1,1,1,1,1,1,1,1,1,1,1,1
Galaxiidae,Animalia,Chordata,Osteichthyes,MF,,,,,,,,,,,,,,,,,,,,,,,,,,,,,,,,,,,,,,,,,,,,,,,,,,,,,,,,,,,,,,,,,,,,,,,,,,,,,,,,,,,,?F,F2,1
Salmonidae,Animalia,Chordata,Osteichthyes,MF,,,,,,,,,,,,,,,,,,,,,,,,,,,,,,,,,,,,,,,,,,,,,,,,,,,,,,,,,,,,,,,,,,,,,,,,,,,,F1,1,1,1,1,1,1,1,1,1,1
Coregonidae,Animalia,Chordata,Osteichthyes,F,,,,,,,,,,,,,,,,,,,,,,,,,,,,,,,,,,,,,,,,,,,,,,,,,,,,,,,,,,,,,,,,,,,,,,,,,,,,,,,,,,,,F1,1,1
Gonostomatidae,Animalia,Chordata,Osteichthyes,M,,,,,,,,,,,,,,,,,,,,,,,,,,,,,,,,,,,,,,,,,,,,,,,,,,,,,,,,,,,,,,,,,,,,,,,,,,,,,,,F1,1,1,1,1,1,1,1
Sternoptychidae,Animalia,Chordata,Osteichthyes,M,,,,,,,,,,,,,,,,,,,,,,,,,,,,,,,,,,,,,,,,,,,,,,,,,,,,,,,,,,,,,,,,,,,,,,,,,,,F1,1,1,1,1,1,1,1,1,1,1,1
Photichthyidae,Animalia,Chordata,Osteichthyes,M,,,,,,,,,,,,,,,,,,,,,,,,,,,,,,,,,,,,,,,,,,,,,,,,,,,,,,,,,,,,,,,,,,,,,,,,,,,F1,1,1,1,1,1,1,1,1,1,1,1
Stomiidae,Animalia,Chordata,Osteichthyes,M,,,,,,,,,,,,,,,,,,,,,,,,,,,,,,,,,,,,,,,,,,,,,,,,,,,,,,,,,,,,,,,,,,,,,,,,,,,,?F,F2,1,1,1,1,1,1,1,1,1
Cheirothricidae,Animalia,Chordata,Osteichthyes,M,,,,,,,,,,,,,,,,,,,,,,,,,,,,,,,,,,,,,,,,,,,,,,,,,,,,,,,,,,,,,,,,,,,F1,1,1,1,L1,,,,,,,,,,,,,,,
Ichthyotringidae,Animalia,Chordata,Osteichthyes,M,,,,,,,,,,,,,,,,,,,,,,,,,,,,,,,,,,,,,,,,,,,,,,,,,,,,,,,,,,,,,,,,,,F1,1,1,1,1,1,L1,,,,,,,,,,,,,,
Cimolichthyidae,Animalia,Chordata,Osteichthyes,M,,,,,,,,,,,,,,,,,,,,,,,,,,,,,,,,,,,,,,,,,,,,,,,,,,,,,,,,,,,,,,,,,,,F1,1,1,1,1,L1,,,,,,,,,,,,,,
Dercetidae,Animalia,Chordata,Osteichthyes,M,,,,,,,,,,,,,,,,,,,,,,,,,,,,,,,,,,,,,,,,,,,,,,,,,,,,,,,,,,,,,,,,,?F,F2,1,1,1,1,1,L1,,,,,,,,,,,,,,
Prionolepididae,Animalia,Chordata,Osteichthyes,M,,,,,,,,,,,,,,,,,,,,,,,,,,,,,,,,,,,,,,,,,,,,,,,,,,,,,,,,,,,,,,,,,,,F1,1,L2,?L,,,,,,,,,,,,,,,,
Enchodontidae,Animalia,Chordata,Osteichthyes,MF,,,,,,,,,,,,,,,,,,,,,,,,,,,,,,,,,,,,,,,,,,,,,,,,,,,,,,,,,,,,,,,,,,,F1,1,1,1,1,1,L1,,,,,,,,,,,,,
Eurypholidae,Animalia,Chordata,Osteichthyes,M,,,,,,,,,,,,,,,,,,,,,,,,,,,,,,,,,,,,,,,,,,,,,,,,,,,,,,,,,,,,,,,,,,,F1,1,1,1,L1,,,,,,,,,,,,,,,
Halecidae,Animalia,Chordata,Osteichthyes,M,,,,,,,,,,,,,,,,,,,,,,,,,,,,,,,,,,,,,,,,,,,,,,,,,,,,,,,,,,,,,,,,,,,F1,1,1,L1,,,,,,,,,,,,,,,,
Synodontidae,Animalia,Chordata,Osteichthyes,M,,,,,,,,,,,,,,,,,,,,,,,,,,,,,,,,,,,,,,,,,,,,,,,,,,,,,,,,,,,,,,,,,,,,,,,,,,,F1,1,1,1,1,1,1,1,1,1,1,1
Paralepididae,Animalia,Chordata,Osteichthyes,M,,,,,,,,,,,,,,,,,,,,,,,,,,,,,,,,,,,,,,,,,,,,,,,,,,,,,,,,,,,,,,,,,,,,,,,,,,,F1,1,1,1,1,1,1,1,1,1,1,1
Polymerichthyidae,Animalia,Chordata,Osteichthyes,M,,,,,,,,,,,,,,,,,,,,,,,,,,,,,,,,,,,,,,,,,,,,,,,,,,,,,,,,,,,,,,,,,,,,,,,,,,,,,,,,,,F1,1,1,1,1
Alepisauridae,Animalia,Chordata,Osteichthyes,M,,,,,,,,,,,,,,,,,,,,,,,,,,,,,,,,,,,,,,,,,,,,,,,,,,,,,,,,,,,,,,,,,,,,,,,,,,,,,,,,,,F1,1,1,1,1
Aulopodidae,Animalia,Chordata,Osteichthyes,M,,,,,,,,,,,,,,,,,,,,,,,,,,,,,,,,,,,,,,,,,,,,,,,,,,,,,,,,,,,,,,,,,,,F1,1,1,1,1,1,1,1,1,1,1,1,1,1,1,1,1,1,1,1
Chloropthalmidae,Animalia,Chordata,Osteichthyes,M,,,,,,,,,,,,,,,,,,,,,,,,,,,,,,,,,,,,,,,,,,,,,,,,,,,,,,,,,,,,,,,,,,,F1,1,1,1,1,1,1,1,1,1,1,1,1,1,1,1,1,1,1,1
Scopelarchidae,Animalia,Chordata,Osteichthyes,M,,,,,,,,,,,,,,,,,,,,,,,,,,,,,,,,,,,,,,,,,,,,,,,,,,,,,,,,,,,,,,,,,,,,,,,,,,,,,,,,F1,1,1,1,1,1,1
Notosudidae,Animalia,Chordata,Osteichthyes,M,,,,,,,,,,,,,,,,,,,,,,,,,,,,,,,,,,,,,,,,,,,,,,,,,,,,,,,,,,,,,,,,,,,,,,,,,,,,,F1,1,1,1,1,1,1,1,1,1
Myctophidae,Animalia,Chordata,Osteichthyes,M,,,,,,,,,,,,,,,,,,,,,,,,,,,,,,,,,,,,,,,,,,,,,,,,,,,,,,,,,,,,,,,,,,,,,,,F1,1,1,1,1,1,1,1,1,1,1,1,1,1,1,1
Neoscopelidae,Animalia,Chordata,Osteichthyes,M,,,,,,,,,,,,,,,,,,,,,,,,,,,,,,,,,,,,,,,,,,,,,,,,,,,,,,,,,,,,,,,,,,,?F,F2,1,1,1,1,1,1,1,1,1,1,1,1,1,1,1,1,1,1
Asineopidae,Animalia,Chordata,Osteichthyes,MF,,,,,,,,,,,,,,,,,,,,,,,,,,,,,,,,,,,,,,,,,,,,,,,,,,,,,,,,,,,,,,,,,,,,,,,?F,F2,1,1,1,L1,,,,,,,,,,
Pharmacichthyidae,Animalia,Chordata,Osteichthyes,M,,,,,,,,,,,,,,,,,,,,,,,,,,,,,,,,,,,,,,,,,,,,,,,,,,,,,,,,,,,,,,,,,,,FL,,,,,,,,,,,,,,,,,,,
Blochiidae,Animalia,Chordata,Osteichthyes,M,,,,,,,,,,,,,,,,,,,,,,,,,,,,,,,,,,,,,,,,,,,,,,,,,,,,,,,,,,,,,,,,,,,F1,1,1,1,1,1,1,1,1,1,L1,,,,,,,,,
Palaeorhynchidae,Animalia,Chordata,Osteichthyes,M,,,,,,,,,,,,,,,,,,,,,,,,,,,,,,,,,,,,,,,,,,,,,,,,,,,,,,,,,,,,,,,,,,,,,,,,,,,F1,1,1,1,1,L1,,,,,,
Aipichthyidae,Animalia,Chordata,Osteichthyes,M,,,,,,,,,,,,,,,,,,,,,,,,,,,,,,,,,,,,,,,,,,,,,,,,,,,,,,,,,,,,,,,,,,,FL,,,,,,,,,,,,,,,,,,,
Polymixiidae,Animalia,Chordata,Osteichthyes,M,,,,,,,,,,,,,,,,,,,,,,,,,,,,,,,,,,,,,,,,,,,,,,,,,,,,,,,,,,,,,,,,,,,F1,1,1,1,1,1,1,1,1,1,1,1,1,1,1,1,1,1,1,1
Percopsidae,Animalia,Chordata,Osteichthyes,F,,,,,,,,,,,,,,,,,,,,,,,,,,,,,,,,,,,,,,,,,,,,,,,,,,,,,,,,,,,,,,,,,,,,,,,,,,,F1,1,1,1,1,1,1,1,1,1,1,1
Aphredoderidae,Animalia,Chordata,Osteichthyes,F,,,,,,,,,,,,,,,,,,,,,,,,,,,,,,,,,,,,,,,,,,,,,,,,,,,,,,,,,,,,,,,,,,,,,,,,,,,,,,?F,F2,1,1,1,1,1,1,1
Sphenocephalidae,Animalia,Chordata,Osteichthyes,M,,,,,,,,,,,,,,,,,,,,,,,,,,,,,,,,,,,,,,,,,,,,,,,,,,,,,,,,,,,,,,,,,,,,,,,FL,,,,,,,,,,,,,,,
Mcconichthyidae,Animalia,Chordata,Osteichthyes,F,,,,,,,,,,,,,,,,,,,,,,,,,,,,,,,,,,,,,,,,,,,,,,,,,,,,,,,,,,,,,,,,,,,,,,,,,FL,,,,,,,,,,,,,
Ophidiidae,Animalia,Chordata,Osteichthyes,M,,,,,,,,,,,,,,,,,,,,,,,,,,,,,,,,,,,,,,,,,,,,,,,,,,,,,,,,,,,,,,,,,,,,,?F,?,?,F2,1,1,1,1,1,1,1,1,1,1,1,1,1,1
Carapidae,Animalia,Chordata,Osteichthyes,M,,,,,,,,,,,,,,,,,,,,,,,,,,,,,,,,,,,,,,,,,,,,,,,,,,,,,,,,,,,,,,,,,,,,,,,,,,,F1,1,1,1,1,1,1,1,1,1,1,1
Bythitidae,Animalia,Chordata,Osteichthyes,M,,,,,,,,,,,,,,,,,,,,,,,,,,,,,,,,,,,,,,,,,,,,,,,,,,,,,,,,,,,,,,,,,,,,,,,F1,1,1,1,1,1,1,1,1,1,1,1,1,1,1,1
Batrachoididae,Animalia,Chordata,Osteichthyes,M,,,,,,,,,,,,,,,,,,,,,,,,,,,,,,,,,,,,,,,,,,,,,,,,,,,,,,,,,,,,,,,,,,,,,,,,,,,F1,1,1,1,1,1,1,1,1,1,1,1
Lophiidae,Animalia,Chordata,Osteichthyes,M,,,,,,,,,,,,,,,,,,,,,,,,,,,,,,,,,,,,,,,,,,,,,,,,,,,,,,,,,,,,,,,,,,,,,,,,,,,,F1,1,1,1,1,1,1,1,1,1,1
Antennariidae,Animalia,Chordata,Osteichthyes,M,,,,,,,,,,,,,,,,,,,,,,,,,,,,,,,,,,,,,,,,,,,,,,,,,,,,,,,,,,,,,,,,,,,,,,,,,,,F1,1,1,1,1,1,1,1,1,1,1,1
Brachionichthyidae,Animalia,Chordata,Osteichthyes,M,,,,,,,,,,,,,,,,,,,,,,,,,,,,,,,,,,,,,,,,,,,,,,,,,,,,,,,,,,,,,,,,,,,,,,,,,,,,F1,1,1,1,1,1,1,1,1,1,1
Chaunacidae,Animalia,Chordata,Osteichthyes,M,,,,,,,,,,,,,,,,,,,,,,,,,,,,,,,,,,,,,,,,,,,,,,,,,,,,,,,,,,,,,,,,,,,,,,,,,,,,,F1,1,1,1,1,1,1,1,1,1
Ogcocephalidae,Animalia,Chordata,Osteichthyes,M,,,,,,,,,,,,,,,,,,,,,,,,,,,,,,,,,,,,,,,,,,,,,,,,,,,,,,,,,,,,,,,,,,,,,,,,,,,,F1,1,1,1,1,1,1,1,1,1,1
Linophrynidae,Animalia,Chordata,Osteichthyes,M,,,,,,,,,,,,,,,,,,,,,,,,,,,,,,,,,,,,,,,,,,,,,,,,,,,,,,,,,,,,,,,,,,,,,,,,,,,,,,,,,,,F1,1,1,1
Bregmacerotidae,Animalia,Chordata,Osteichthyes,M,,,,,,,,,,,,,,,,,,,,,,,,,,,,,,,,,,,,,,,,,,,,,,,,,,,,,,,,,,,,,,,,,,,,,,,,,,,F1,1,1,1,1,1,1,1,1,1,1,1
Melanonidae,Animalia,Chordata,Osteichthyes,M,,,,,,,,,,,,,,,,,,,,,,,,,,,,,,,,,,,,,,,,,,,,,,,,,,,,,,,,,,,,,,,,,,,,,,,,,,F1,1,1,1,1,1,1,1,1,1,1,1,1
Euclichthyidae,Animalia,Chordata,Osteichthyes,M,,,,,,,,,,,,,,,,,,,,,,,,,,,,,,,,,,,,,,,,,,,,,,,,,,,,,,,,,,,,,,,,,,,,,,,,,,,,,F1,1,1,1,1,1,1,1,1,1
Moridae,Animalia,Chordata,Osteichthyes,M,,,,,,,,,,,,,,,,,,,,,,,,,,,,,,,,,,,,,,,,,,,,,,,,,,,,,,,,,,,,,,,,,,,,,,,,,,,,,F1,1,1,1,1,1,1,1,1,1
Macrouridae,Animalia,Chordata,Osteichthyes,M,,,,,,,,,,,,,,,,,,,,,,,,,,,,,,,,,,,,,,,,,,,,,,,,,,,,,,,,,,,,,,,,,,,,,,,,,?F,F1,1,1,1,1,1,1,1,1,1,1,1,1
Merlucciidae,Animalia,Chordata,Osteichthyes,M,,,,,,,,,,,,,,,,,,,,,,,,,,,,,,,,,,,,,,,,,,,,,,,,,,,,,,,,,,,,,,,,,,,,,,,,,,F1,1,1,1,1,1,1,1,1,1,1,1,1
Phycidae,Animalia,Chordata,Osteichthyes,M,,,,,,,,,,,,,,,,,,,,,,,,,,,,,,,,,,,,,,,,,,,,,,,,,,,,,,,,,,,,,,,,,,,,,,,,,,,,,,,F1,1,1,1,1,1,1,1
Ranicipitidae,Animalia,Chordata,Osteichthyes,M,,,,,,,,,,,,,,,,,,,,,,,,,,,,,,,,,,,,,,,,,,,,,,,,,,,,,,,,,,,,,,,,,,,,,,,,,,F1,1,1,1,1,1,1,1,1,1,1,1,1
Lotidae,Animalia,Chordata,Osteichthyes,MF,,,,,,,,,,,,,,,,,,,,,,,,,,,,,,,,,,,,,,,,,,,,,,,,,,,,,,,,,,,,,,,,,,,,,,,,,,,,,,,F1,1,1,1,1,1,1,1
Gadidae,Animalia,Chordata,Osteichthyes,M,,,,,,,,,,,,,,,,,,,,,,,,,,,,,,,,,,,,,,,,,,,,,,,,,,,,,,,,,,,,,,,,,,,,,,,,,,,,,,,F1,1,1,1,1,1,1,1
Atherinidae,Animalia,Chordata,Osteichthyes,MF,,,,,,,,,,,,,,,,,,,,,,,,,,,,,,,,,,,,,,,,,,,,,,,,,,,,,,,,,,,,,,,,,,,,,,,,,,,F1,1,1,1,1,1,1,1,1,1,1,1
Fundulidae,Animalia,Chordata,Osteichthyes,MF,,,,,,,,,,,,,,,,,,,,,,,,,,,,,,,,,,,,,,,,,,,,,,,,,,,,,,,,,,,,,,,,,,,,,,,,,,,,,,,,,,F1,1,1,1,1
Poeciliidae,Animalia,Chordata,Osteichthyes,F,,,,,,,,,,,,,,,,,,,,,,,,,,,,,,,,,,,,,,,,,,,,,,,,,,,,,,,,,,,,,,,,,,,,,,,,,,F1,1,1,1,1,1,1,1,1,1,1,1,1
Goodeidae,Animalia,Chordata,Osteichthyes,F,,,,,,,,,,,,,,,,,,,,,,,,,,,,,,,,,,,,,,,,,,,,,,,,,,,,,,,,,,,,,,,,,,,,,,,,,,,,,,,,,?F,?,F2,1,1,1
Cyprinodontidae,Animalia,Chordata,Osteichthyes,MF,,,,,,,,,,,,,,,,,,,,,,,,,,,,,,,,,,,,,,,,,,,,,,,,,,,,,,,,,,,,,,,,,,,,,,,,,,,,,,,F1,1,1,1,1,1,1,1
Adrianichthyidae,Animalia,Chordata,Osteichthyes,M,,,,,,,,,,,,,,,,,,,,,,,,,,,,,,,,,,,,,,,,,,,,,,,,,,,,,,,,,,,,,,,,,,,,,,,,,,,,,,,,,?F,?,?,F2,1,1
Hemiramphidae,Animalia,Chordata,Osteichthyes,MF,,,,,,,,,,,,,,,,,,,,,,,,,,,,,,,,,,,,,,,,,,,,,,,,,,,,,,,,,,,,,,,,,,,,,,,,,,,,F1,1,1,1,1,1,1,1,1,1,1
Exocoetidae,Animalia,Chordata,Osteichthyes,M,,,,,,,,,,,,,,,,,,,,,,,,,,,,,,,,,,,,,,,,,,,,,,,,,,,,,,,,,,,,,,,,,,,,,,,,,,,,F1,1,1,1,1,1,1,1,1,1,1
Scomberosocidae,Animalia,Chordata,Osteichthyes,M,,,,,,,,,,,,,,,,,,,,,,,,,,,,,,,,,,,,,,,,,,,,,,,,,,,,,,,,,,,,,,,,,,,,,,,,,,,,,,,,,,,F1,1,1,1
Belonidae,Animalia,Chordata,Osteichthyes,MF,,,,,,,,,,,,,,,,,,,,,,,,,,,,,,,,,,,,,,,,,,,,,,,,,,,,,,,,,,,,,,,,,,,,,,,,,,,,?F,?,?,F2,1,1,1,1,1,1,1
Trachichthyidae,Animalia,Chordata,Osteichthyes,M,,,,,,,,,,,,,,,,,,,,,,,,,,,,,,,,,,,,,,,,,,,,,,,,,,,,,,,,,,,,,,,,,,,,,,,,,,,?F,F2,1,1,1,1,1,1,1,1,1,1
Monocentrididae,Animalia,Chordata,Osteichthyes,M,,,,,,,,,,,,,,,,,,,,,,,,,,,,,,,,,,,,,,,,,,,,,,,,,,,,,,,,,,,,,,,,,,,,,,,,,,,,F1,1,1,1,1,1,1,1,1,1,1
Anomalopidae,Animalia,Chordata,Osteichthyes,M,,,,,,,,,,,,,,,,,,,,,,,,,,,,,,,,,,,,,,,,,,,,,,,,,,,,,,,,,,,,,,,,,,,,,,,,,,,,,,,,,,,F1,1,1,1
Diretmidae,Animalia,Chordata,Osteichthyes,M,,,,,,,,,,,,,,,,,,,,,,,,,,,,,,,,,,,,,,,,,,,,,,,,,,,,,,,,,,,,,,,,,,,,,,,,,,,,,,,F1,1,1,1,1,1,1,1
Melamphaidae,Animalia,Chordata,Osteichthyes,M,,,,,,,,,,,,,,,,,,,,,,,,,,,,,,,,,,,,,,,,,,,,,,,,,,,,,,,,,,,,,,,,,,,,,,,,,,,F1,1,1,1,1,1,1,1,1,1,1,1
Berycidae,Animalia,Chordata,Osteichthyes,M,,,,,,,,,,,,,,,,,,,,,,,,,,,,,,,,,,,,,,,,,,,,,,,,,,,,,,,,,,,,,,,,,,,,,,,F1,1,1,1,1,1,1,1,1,1,1,1,1,1,1,1
Holocentridae,Animalia,Chordata,Osteichthyes,M,,,,,,,,,,,,,,,,,,,,,,,,,,,,,,,,,,,,,,,,,,,,,,,,,,,,,,,,,,,,,,,,,,,,,,,,,,,F1,1,1,1,1,1,1,1,1,1,1,1
Myripristidae,Animalia,Chordata,Osteichthyes,M,,,,,,,,,,,,,,,,,,,,,,,,,,,,,,,,,,,,,,,,,,,,,,,,,,,,,,,,,,,,,,,,,,,,,,,,,,,F1,1,1,1,1,1,1,1,1,1,1,1
Lamprididae,Animalia,Chordata,Osteichthyes,M,,,,,,,,,,,,,,,,,,,,,,,,,,,,,,,,,,,,,,,,,,,,,,,,,,,,,,,,,,,,,,,,,,,,,,,,,,,,,,,,,,,F1,1,1,1
Veliferidae,Animalia,Chordata,Osteichthyes,M,,,,,,,,,,,,,,,,,,,,,,,,,,,,,,,,,,,,,,,,,,,,,,,,,,,,,,,,,,,,,,,,,,,,,,,,,F1,1,1,1,1,1,1,1,1,1,1,1,1,1
Lophotidae,Animalia,Chordata,Osteichthyes,M,,,,,,,,,,,,,,,,,,,,,,,,,,,,,,,,,,,,,,,,,,,,,,,,,,,,,,,,,,,,,,,,,,,,,,,,,,,,?F,F2,1,1,1,1,1,1,1,1,1
Ateleopodidae,Animalia,Chordata,Osteichthyes,M,,,,,,,,,,,,,,,,,,,,,,,,,,,,,,,,,,,,,,,,,,,,,,,,,,,,,,,,,,,,,,,,,,,,,,,,,,,,,,,,,,F1,1,1,1,1
Zeniontidae,Animalia,Chordata,Osteichthyes,M,,,,,,,,,,,,,,,,,,,,,,,,,,,,,,,,,,,,,,,,,,,,,,,,,,,,,,,,,,,,,,,,,,,,,,,,,,,,,,,,,,,,F1,1,1
Zeidae,Animalia,Chordata,Osteichthyes,M,,,,,,,,,,,,,,,,,,,,,,,,,,,,,,,,,,,,,,,,,,,,,,,,,,,,,,,,,,,,,,,,,,,,,,,,,,F1,1,1,1,1,1,1,1,1,1,1,1,1
Caproidae,Animalia,Chordata,Osteichthyes,M,,,,,,,,,,,,,,,,,,,,,,,,,,,,,,,,,,,,,,,,,,,,,,,,,,,,,,,,,,,,,,,,,,,,,,,,,,,F1,1,1,1,1,1,1,1,1,1,1,1
Aulorhynchidae,Animalia,Chordata,Osteichthyes,MF,,,,,,,,,,,,,,,,,,,,,,,,,,,,,,,,,,,,,,,,,,,,,,,,,,,,,,,,,,,,,,,,,,,,,,,,,,,?F,?,?,F2,1,1,1,1,1,1,1,1
Gasterosteidae,Animalia,Chordata,Osteichthyes,MF,,,,,,,,,,,,,,,,,,,,,,,,,,,,,,,,,,,,,,,,,,,,,,,,,,,,,,,,,,,,,,,,,,,,,,,,,,,,,,,,,,,F1,1,1,1
Ramphosidae,Animalia,Chordata,Osteichthyes,M,,,,,,,,,,,,,,,,,,,,,,,,,,,,,,,,,,,,,,,,,,,,,,,,,,,,,,,,,,,,,,,,,,,,,,,,,,F1,1,L1,,,,,,,,,,
Solenostomidae,Animalia,Chordata,Osteichthyes,M,,,,,,,,,,,,,,,,,,,,,,,,,,,,,,,,,,,,,,,,,,,,,,,,,,,,,,,,,,,,,,,,,,,,,,,,,,,,F1,1,1,1,1,1,1,1,1,1,1
Syngnathidae,Animalia,Chordata,Osteichthyes,MF,,,,,,,,,,,,,,,,,,,,,,,,,,,,,,,,,,,,,,,,,,,,,,,,,,,,,,,,,,,,,,,,,,,,,,,,,,,,F1,1,1,1,1,1,1,1,1,1,1
Centriscidae,Animalia,Chordata,Osteichthyes,M,,,,,,,,,,,,,,,,,,,,,,,,,,,,,,,,,,,,,,,,,,,,,,,,,,,,,,,,,,,,,,,,,,,,,,,,,,,,F1,1,1,1,1,1,1,1,1,1,1
Urosphenidae,Animalia,Chordata,Osteichthyes,M,,,,,,,,,,,,,,,,,,,,,,,,,,,,,,,,,,,,,,,,,,,,,,,,,,,,,,,,,,,,,,,,,,,,,,,,,,,F1,L1,,,,,,,,,,
Aulostomidae,Animalia,Chordata,Osteichthyes,M,,,,,,,,,,,,,,,,,,,,,,,,,,,,,,,,,,,,,,,,,,,,,,,,,,,,,,,,,,,,,,,,,,,,,,,,,,,,F1,1,1,1,1,1,1,1,1,1,1
Fistulariidae,Animalia,Chordata,Osteichthyes,M,,,,,,,,,,,,,,,,,,,,,,,,,,,,,,,,,,,,,,,,,,,,,,,,,,,,,,,,,,,,,,,,,,,,,,,,,,,,F1,1,1,1,1,1,1,1,1,1,1
? Pterygocephalidae,Animalia,Chordata,Osteichthyes,M,,,,,,,,,,,,,,,,,,,,,,,,,,,,,,,,,,,,,,,,,,,,,,,,,,,,,,,,,,,,,,,,,,,,,,,,,,,,FL,,,,,,,,,,
Dactylopteridae,Animalia,Chordata,Osteichthyes,M,,,,,,,,,,,,,,,,,,,,,,,,,,,,,,,,,,,,,,,,,,,,,,,,,,,,,,,,,,,,,,,,,,,,,,,,,,,,,,F1,1,1,1,1,1,1,1,1
Scorpaenidae,Animalia,Chordata,Osteichthyes,M,,,,,,,,,,,,,,,,,,,,,,,,,,,,,,,,,,,,,,,,,,,,,,,,,,,,,,,,,,,,,,,,,,,,,,,,,,,F1,1,1,1,1,1,1,1,1,1,1,1
Synancejidae,Animalia,Chordata,Osteichthyes,M,,,,,,,,,,,,,,,,,,,,,,,,,,,,,,,,,,,,,,,,,,,,,,,,,,,,,,,,,,,,,,,,,,,,,,,,,,,?F,F2,1,1,1,1,1,1,1,1,1,1
Triglidae,Animalia,Chordata,Osteichthyes,M,,,,,,,,,,,,,,,,,,,,,,,,,,,,,,,,,,,,,,,,,,,,,,,,,,,,,,,,,,,,,,,,,,,,,,,,,,,,,,F1,1,1,1,1,1,1,1,1
Platycephalidae,Animalia,Chordata,Osteichthyes,M,,,,,,,,,,,,,,,,,,,,,,,,,,,,,,,,,,,,,,,,,,,,,,,,,,,,,,,,,,,,,,,,,,,,,,,,,,,F1,1,1,1,1,1,1,1,1,1,1,1
Hoplichthyidae,Animalia,Chordata,Osteichthyes,M,,,,,,,,,,,,,,,,,,,,,,,,,,,,,,,,,,,,,,,,,,,,,,,,,,,,,,,,,,,,,,,,,,,,,,,,,,,,F1,1,1,1,1,1,1,1,1,1,1
Hexagrammidae,Animalia,Chordata,Osteichthyes,M,,,,,,,,,,,,,,,,,,,,,,,,,,,,,,,,,,,,,,,,,,,,,,,,,,,,,,,,,,,,,,,,,,,,,,,,,,,,,,,,,,,?F,?,F2,1
Zaniolepididae,Animalia,Chordata,Osteichthyes,M,,,,,,,,,,,,,,,,,,,,,,,,,,,,,,,,,,,,,,,,,,,,,,,,,,,,,,,,,,,,,,,,,,,,,,,,,,,,,,,,,,,,,F1,1
Cottidae,Animalia,Chordata,Osteichthyes,MF,,,,,,,,,,,,,,,,,,,,,,,,,,,,,,,,,,,,,,,,,,,,,,,,,,,,,,,,,,,,,,,,,,,,,,,,,,,,?F,?,?,F2,1,1,1,1,1,1,1
Agonidae,Animalia,Chordata,Osteichthyes,M,,,,,,,,,,,,,,,,,,,,,,,,,,,,,,,,,,,,,,,,,,,,,,,,,,,,,,,,,,,,,,,,,,,,,,,,,,,,,F1,1,1,1,1,1,1,1,1,1
Cyclopteridae,Animalia,Chordata,Osteichthyes,M,,,,,,,,,,,,,,,,,,,,,,,,,,,,,,,,,,,,,,,,,,,,,,,,,,,,,,,,,,,,,,,,,,,,,,,,,,,,,,,F1,1,1,1,1,1,1,1
Centropomidae,Animalia,Chordata,Osteichthyes,MF,,,,,,,,,,,,,,,,,,,,,,,,,,,,,,,,,,,,,,,,,,,,,,,,,,,,,,,,,,,,,,,,,,,,,,,,,,,F1,1,1,1,1,1,1,1,1,1,1,1
Percichthyidae,Animalia,Chordata,Osteichthyes,F,,,,,,,,,,,,,,,,,,,,,,,,,,,,,,,,,,,,,,,,,,,,,,,,,,,,,,,,,,,,,,,,,,,,,,,,,,F1,1,1,1,1,1,1,1,1,1,1,1,1
Moronidae,Animalia,Chordata,Osteichthyes,M,,,,,,,,,,,,,,,,,,,,,,,,,,,,,,,,,,,,,,,,,,,,,,,,,,,,,,,,,,,,,,,,,,,,,,,,,,,,F1,1,1,1,1,1,1,1,1,1,1
Acropomatidae,Animalia,Chordata,Osteichthyes,M,,,,,,,,,,,,,,,,,,,,,,,,,,,,,,,,,,,,,,,,,,,,,,,,,,,,,,,,,,,,,,,,,,,,,,,,,?F,F2,1,1,1,1,1,1,1,1,1,1,1,1
Ambassidae,Animalia,Chordata,Osteichthyes,MF,,,,,,,,,,,,,,,,,,,,,,,,,,,,,,,,,,,,,,,,,,,,,,,,,,,,,,,,,,,,,,,,,,,,,,,,,?F,F2,1,1,1,1,1,1,1,1,1,1,1,1
Serranidae,Animalia,Chordata,Osteichthyes,MF,,,,,,,,,,,,,,,,,,,,,,,,,,,,,,,,,,,,,,,,,,,,,,,,,,,,,,,,,,,,,,,,,,,,,,,,,,F1,1,1,1,1,1,1,1,1,1,1,1,1
Ostracoberycidae,Animalia,Chordata,Osteichthyes,M,,,,,,,,,,,,,,,,,,,,,,,,,,,,,,,,,,,,,,,,,,,,,,,,,,,,,,,,,,,,,,,,,,,,,,,,,,,F1,1,1,1,1,1,1,1,1,1,1,1
Pseudochromidae,Animalia,Chordata,Osteichthyes,M,,,,,,,,,,,,,,,,,,,,,,,,,,,,,,,,,,,,,,,,,,,,,,,,,,,,,,,,,,,,,,,,,,,,,,,,,,,,F1,1,1,1,1,1,1,1,1,1,1
Centrarchidae,Animalia,Chordata,Osteichthyes,F,,,,,,,,,,,,,,,,,,,,,,,,,,,,,,,,,,,,,,,,,,,,,,,,,,,,,,,,,,,,,,,,,,,,,,,,,,,?F,?,?,F2,1,1,1,1,1,1,1,1
Percidae,Animalia,Chordata,Osteichthyes,F,,,,,,,,,,,,,,,,,,,,,,,,,,,,,,,,,,,,,,,,,,,,,,,,,,,,,,,,,,,,,,,,,,,,,,,,,,,,,,,F1,1,1,1,1,1,1,1
Priacanthidae,Animalia,Chordata,Osteichthyes,M,,,,,,,,,,,,,,,,,,,,,,,,,,,,,,,,,,,,,,,,,,,,,,,,,,,,,,,,,,,,,,,,,,,,,,,,,,,F1,1,1,1,1,1,1,1,1,1,1,1
Apogonidae,Animalia,Chordata,Osteichthyes,M,,,,,,,,,,,,,,,,,,,,,,,,,,,,,,,,,,,,,,,,,,,,,,,,,,,,,,,,,,,,,,,,,,,,,F1,1,1,1,1,1,1,1,1,1,1,1,1,1,1,1,1,1
Epigonidae,Animalia,Chordata,Osteichthyes,M,,,,,,,,,,,,,,,,,,,,,,,,,,,,,,,,,,,,,,,,,,,,,,,,,,,,,,,,,,,,,,,,,,,,,,,,,,,F1,1,1,1,1,1,1,1,1,1,1,1
Sillaginidae,Animalia,Chordata,Osteichthyes,M,,,,,,,,,,,,,,,,,,,,,,,,,,,,,,,,,,,,,,,,,,,,,,,,,,,,,,,,,,,,,,,,,,,,,,,,,,,,F1,1,1,1,1,1,1,1,1,1,1
Malacanthidae,Animalia,Chordata,Osteichthyes,M,,,,,,,,,,,,,,,,,,,,,,,,,,,,,,,,,,,,,,,,,,,,,,,,,,,,,,,,,,,,,,,,,,,,,,,,,,,,,,,F1,1,1,1,1,1,1,1
Lactariidae,Animalia,Chordata,Osteichthyes,M,,,,,,,,,,,,,,,,,,,,,,,,,,,,,,,,,,,,,,,,,,,,,,,,,,,,,,,,,,,,,,,,,,,,,,,,,,,F1,1,1,1,1,1,1,1,1,1,1,1
Menidae,Animalia,Chordata,Osteichthyes,M,,,,,,,,,,,,,,,,,,,,,,,,,,,,,,,,,,,,,,,,,,,,,,,,,,,,,,,,,,,,,,,,,,,,,,,,,F1,1,1,1,1,1,1,1,1,1,1,1,1,1
Leiognathidae,Animalia,Chordata,Osteichthyes,M,,,,,,,,,,,,,,,,,,,,,,,,,,,,,,,,,,,,,,,,,,,,,,,,,,,,,,,,,,,,,,,,,,,,,,,,,,,,F1,1,1,1,1,1,1,1,1,1,1
Bramidae,Animalia,Chordata,Osteichthyes,M,,,,,,,,,,,,,,,,,,,,,,,,,,,,,,,,,,,,,,,,,,,,,,,,,,,,,,,,,,,,,,,,,,,,,,,,,,,?F,?,?,?,?,?,?,?,?,F2,1,1
Caristiidae,Animalia,Chordata,Osteichthyes,M,,,,,,,,,,,,,,,,,,,,,,,,,,,,,,,,,,,,,,,,,,,,,,,,,,,,,,,,,,,,,,,,,,,,,,,,,,F1,1,1,1,1,1,1,1,1,1,1,1,1
Emmelichthyidae,Animalia,Chordata,Osteichthyes,M,,,,,,,,,,,,,,,,,,,,,,,,,,,,,,,,,,,,,,,,,,,,,,,,,,,,,,,,,,,,,,,,,,,,,,,,,,,,F1,1,1,1,1,1,1,1,1,1,1
Lutjanidae,Animalia,Chordata,Osteichthyes,M,,,,,,,,,,,,,,,,,,,,,,,,,,,,,,,,,,,,,,,,,,,,,,,,,,,,,,,,,,,,,,,,,,,,,,,,,,,,F1,1,1,1,1,1,1,1,1,1,1
Caesionidae,Animalia,Chordata,Osteichthyes,M,,,,,,,,,,,,,,,,,,,,,,,,,,,,,,,,,,,,,,,,,,,,,,,,,,,,,,,,,,,,,,,,,,,,,,,,,,,,F1,1,1,1,1,1,1,1,1,1,1
Gerreidae,Animalia,Chordata,Osteichthyes,MF,,,,,,,,,,,,,,,,,,,,,,,,,,,,,,,,,,,,,,,,,,,,,,,,,,,,,,,,,,,,,,,,,,,,,,,,,,,F1,1,1,1,1,1,1,1,1,1,1,1
Haemulidae,Animalia,Chordata,Osteichthyes,MF,,,,,,,,,,,,,,,,,,,,,,,,,,,,,,,,,,,,,,,,,,,,,,,,,,,,,,,,,,,,,,,,,,,,,,,,,,F1,1,1,1,1,1,1,1,1,1,1,1,1
Sparidae,Animalia,Chordata,Osteichthyes,M,,,,,,,,,,,,,,,,,,,,,,,,,,,,,,,,,,,,,,,,,,,,,,,,,,,,,,,,,,,,,,,,,,,,,,,,,,?F,F2,1,1,1,1,1,1,1,1,1,1,1
Centracanthidae,Animalia,Chordata,Osteichthyes,M,,,,,,,,,,,,,,,,,,,,,,,,,,,,,,,,,,,,,,,,,,,,,,,,,,,,,,,,,,,,,,,,,,,,,,,,,,,F1,1,1,1,1,1,1,1,1,1,1,1
Sciaenidae,Animalia,Chordata,Osteichthyes,MF,,,,,,,,,,,,,,,,,,,,,,,,,,,,,,,,,,,,,,,,,,,,,,,,,,,,,,,,,,,,,,,,,,,,,,,,,,,,?F,?,?,?,F2,1,1,1,1,1,1
Mullidae,Animalia,Chordata,Osteichthyes,M,,,,,,,,,,,,,,,,,,,,,,,,,,,,,,,,,,,,,,,,,,,,,,,,,,,,,,,,,,,,,,,,,,,,,,,,,,,,F1,1,1,1,1,1,1,1,1,1,1
Monodactylidae,Animalia,Chordata,Osteichthyes,MF,,,,,,,,,,,,,,,,,,,,,,,,,,,,,,,,,,,,,,,,,,,,,,,,,,,,,,,,,,,,,,,,,,,,,,,,,,,,F1,1,1,1,1,1,1,1,1,1,1
Glaucosomatidae,Animalia,Chordata,Osteichthyes,M,,,,,,,,,,,,,,,,,,,,,,,,,,,,,,,,,,,,,,,,,,,,,,,,,,,,,,,,,,,,,,,,,,,,,,,,,,,,,,F1,1,1,1,1,1,1,1,1
Pempherididae,Animalia,Chordata,Osteichthyes,M,,,,,,,,,,,,,,,,,,,,,,,,,,,,,,,,,,,,,,,,,,,,,,,,,,,,,,,,,,,,,,,,,,,,,,,,,,,,,,,,,,F1,1,1,1,1
Bathyclupeidae,Animalia,Chordata,Osteichthyes,M,,,,,,,,,,,,,,,,,,,,,,,,,,,,,,,,,,,,,,,,,,,,,,,,,,,,,,,,,,,,,,,,,,,,,,,?F,F2,1,1,1,1,1,1,1,1,1,1,1,1,1,1
Toxotidae,Animalia,Chordata,Osteichthyes,MF,,,,,,,,,,,,,,,,,,,,,,,,,,,,,,,,,,,,,,,,,,,,,,,,,,,,,,,,,,,,,,,,,,,,,,,,,,,,F1,1,1,1,1,1,1,1,1,1,1
Enoplosidae,Animalia,Chordata,Osteichthyes,M,,,,,,,,,,,,,,,,,,,,,,,,,,,,,,,,,,,,,,,,,,,,,,,,,,,,,,,,,,,,,,,,,,,,,,,,,,,,?F,F2,1,1,1,1,1,1,1,1,1
Pentacerotidae,Animalia,Chordata,Osteichthyes,M,,,,,,,,,,,,,,,,,,,,,,,,,,,,,,,,,,,,,,,,,,,,,,,,,,,,,,,,,,,,,,,,,,,,,,,,,,,,,,,,,,F1,1,1,1,1
Cepolidae,Animalia,Chordata,Osteichthyes,M,,,,,,,,,,,,,,,,,,,,,,,,,,,,,,,,,,,,,,,,,,,,,,,,,,,,,,,,,,,,,,,,,,,,,,,,,,,F1,1,1,1,1,1,1,1,1,1,1,1
Carangidae,Animalia,Chordata,Osteichthyes,M,,,,,,,,,,,,,,,,,,,,,,,,,,,,,,,,,,,,,,,,,,,,,,,,,,,,,,,,,,,,,,,,,,,,,,,,,,,F1,1,1,1,1,1,1,1,1,1,1,1
Echeneididae,Animalia,Chordata,Osteichthyes,M,,,,,,,,,,,,,,,,,,,,,,,,,,,,,,,,,,,,,,,,,,,,,,,,,,,,,,,,,,,,,,,,,,,,,,,,,,,,,,,F1,1,1,1,1,1,1,1
Coryphaenidae,Animalia,Chordata,Osteichthyes,M,,,,,,,,,,,,,,,,,,,,,,,,,,,,,,,,,,,,,,,,,,,,,,,,,,,,,,,,,,,,,,,,,,,,,,,,,,,,F1,1,1,1,1,1,1,1,1,1,1
Mugilidae,Animalia,Chordata,Osteichthyes,MF,,,,,,,,,,,,,,,,,,,,,,,,,,,,,,,,,,,,,,,,,,,,,,,,,,,,,,,,,,,,,,,,,,,,,,,,,,,,,,F1,1,1,1,1,1,1,1,1
Polynemidae,Animalia,Chordata,Osteichthyes,MF,,,,,,,,,,,,,,,,,,,,,,,,,,,,,,,,,,,,,,,,,,,,,,,,,,,,,,,,,,,,,,,,,,,,,,,,,,,,,,,,,F1,1,1,1,1,1
Cichlidae,Animalia,Chordata,Osteichthyes,F,,,,,,,,,,,,,,,,,,,,,,,,,,,,,,,,,,,,,,,,,,,,,,,,,,,,,,,,,,,,,,,,,,,,,,,,,,,,,,,,?F,F2,1,1,1,1,1
Embiotocidae,Animalia,Chordata,Osteichthyes,MF,,,,,,,,,,,,,,,,,,,,,,,,,,,,,,,,,,,,,,,,,,,,,,,,,,,,,,,,,,,,,,,,,,,,,,,,,,,,,,,,,,,F1,1,1,1
Pomacentridae,Animalia,Chordata,Osteichthyes,M,,,,,,,,,,,,,,,,,,,,,,,,,,,,,,,,,,,,,,,,,,,,,,,,,,,,,,,,,,,,,,,,,,,,,,,,,,,,,,,,,?F,F2,1,1,1,1
Labridae,Animalia,Chordata,Osteichthyes,M,,,,,,,,,,,,,,,,,,,,,,,,,,,,,,,,,,,,,,,,,,,,,,,,,,,,,,,,,,,,,,,,,,,,,,,,,,,,F1,1,1,1,1,1,1,1,1,1,1
Zoarcidae,Animalia,Chordata,Osteichthyes,M,,,,,,,,,,,,,,,,,,,,,,,,,,,,,,,,,,,,,,,,,,,,,,,,,,,,,,,,,,,,,,,,,,,,,,,,,,,,,,,,,,,,F1,1,1
Stichaeidae,Animalia,Chordata,Osteichthyes,M,,,,,,,,,,,,,,,,,,,,,,,,,,,,,,,,,,,,,,,,,,,,,,,,,,,,,,,,,,,,,,,,,,,,,,,,,,,,,,,,,,F1,1,1,1,1
Cryptacanthodidae,Animalia,Chordata,Osteichthyes,M,,,,,,,,,,,,,,,,,,,,,,,,,,,,,,,,,,,,,,,,,,,,,,,,,,,,,,,,,,,,,,,,,,,,,,,,,,,,,,,,,,,,F1,1,1
Anarhichadidae,Animalia,Chordata,Osteichthyes,M,,,,,,,,,,,,,,,,,,,,,,,,,,,,,,,,,,,,,,,,,,,,,,,,,,,,,,,,,,,,,,,,,,,,,,,,,,,,,,,,,,,,F1,1,1
Zaproridae,Animalia,Chordata,Osteichthyes,M,,,,,,,,,,,,,,,,,,,,,,,,,,,,,,,,,,,,,,,,,,,,,,,,,,,,,,,,,,,,,,,,,,,,,,,,,,,,,,,,,,,F1,1,1,1
Opistognathidae,Animalia,Chordata,Osteichthyes,M,,,,,,,,,,,,,,,,,,,,,,,,,,,,,,,,,,,,,,,,,,,,,,,,,,,,,,,,,,,,,,,,,,,,,,,,,,,,F1,1,1,1,1,1,1,1,1,1,1
Pinguipedidae,Animalia,Chordata,Osteichthyes,M,,,,,,,,,,,,,,,,,,,,,,,,,,,,,,,,,,,,,,,,,,,,,,,,,,,,,,,,,,,,,,,,,,,,,,,,,,,,,,,,F1,1,1,1,1,1,1
Percophidae,Animalia,Chordata,Osteichthyes,M,,,,,,,,,,,,,,,,,,,,,,,,,,,,,,,,,,,,,,,,,,,,,,,,,,,,,,,,,,,,,,,,,,,,,,,,,,,,F1,1,1,1,1,1,1,1,1,1,1
Chiasmodontidae,Animalia,Chordata,Osteichthyes,M,,,,,,,,,,,,,,,,,,,,,,,,,,,,,,,,,,,,,,,,,,,,,,,,,,,,,,,,,,,,,,,,,,,,,,,,,,,,,,,F1,1,1,1,1,1,1,1
Leptoscopidae,Animalia,Chordata,Osteichthyes,M,,,,,,,,,,,,,,,,,,,,,,,,,,,,,,,,,,,,,,,,,,,,,,,,,,,,,,,,,,,,,,,,,,,,,,,,,,,,,,,,F1,1,1,1,1,1,1
Ammodytidae,Animalia,Chordata,Osteichthyes,M,,,,,,,,,,,,,,,,,,,,,,,,,,,,,,,,,,,,,,,,,,,,,,,,,,,,,,,,,,,,,,,,,,,,,,,,,,,,F1,1,1,1,1,1,1,1,1,1,1
Trachinidae,Animalia,Chordata,Osteichthyes,M,,,,,,,,,,,,,,,,,,,,,,,,,,,,,,,,,,,,,,,,,,,,,,,,,,,,,,,,,,,,,,,,,,,,,,,,,,,?F,F2,1,1,1,1,1,1,1,1,1,1
Uranoscopidae,Animalia,Chordata,Osteichthyes,M,,,,,,,,,,,,,,,,,,,,,,,,,,,,,,,,,,,,,,,,,,,,,,,,,,,,,,,,,,,,,,,,,,,,,,,,,,,,F1,1,1,1,1,1,1,1,1,1,1
Tripterygiidae,Animalia,Chordata,Osteichthyes,M,,,,,,,,,,,,,,,,,,,,,,,,,,,,,,,,,,,,,,,,,,,,,,,,,,,,,,,,,,,,,,,,,,,,,,,,,,,,,,,,,,,F1,1,1,1
Labrisomidae,Animalia,Chordata,Osteichthyes,M,,,,,,,,,,,,,,,,,,,,,,,,,,,,,,,,,,,,,,,,,,,,,,,,,,,,,,,,,,,,,,,,,,,,,,,,,,,,,,,,,,,F1,1,1,1
Clinidae,Animalia,Chordata,Osteichthyes,M,,,,,,,,,,,,,,,,,,,,,,,,,,,,,,,,,,,,,,,,,,,,,,,,,,,,,,,,,,,,,,,,,,,,,,,,,,,,,,,,,?F,?,F2,1,1,1
Blenniidae,Animalia,Chordata,Osteichthyes,MF,,,,,,,,,,,,,,,,,,,,,,,,,,,,,,,,,,,,,,,,,,,,,,,,,,,,,,,,,,,,,,,,,,,,,,,,,,,,F1,1,1,1,1,1,1,1,1,1,1
Callionymidae,Animalia,Chordata,Osteichthyes,MF,,,,,,,,,,,,,,,,,,,,,,,,,,,,,,,,,,,,,,,,,,,,,,,,,,,,,,,,,,,,,,,,,,,,,,,,,,,F1,1,1,1,1,1,1,1,1,1,1,1
Eleotridae,Animalia,Chordata,Osteichthyes,MF,,,,,,,,,,,,,,,,,,,,,,,,,,,,,,,,,,,,,,,,,,,,,,,,,,,,,,,,,,,,,,,,,,,,,,,,,,,,,,,F1,1,1,1,1,1,1,1
Gobiidae,Animalia,Chordata,Osteichthyes,MF,,,,,,,,,,,,,,,,,,,,,,,,,,,,,,,,,,,,,,,,,,,,,,,,,,,,,,,,,,,,,,,,,,,,,,,,,,,,?F,?,F2,1,1,1,1,1,1,1,1
Pomacanthidae,Animalia,Chordata,Osteichthyes,M,,,,,,,,,,,,,,,,,,,,,,,,,,,,,,,,,,,,,,,,,,,,,,,,,,,,,,,,,,,,,,,,,,,,,,,,,,,,F1,1,1,1,1,1,1,1,1,1,1
Chaetodontidae,Animalia,Chordata,Osteichthyes,M,,,,,,,,,,,,,,,,,,,,,,,,,,,,,,,,,,,,,,,,,,,,,,,,,,,,,,,,,,,,,,,,,,,,,,,,,,,,?F,?,?,F2,1,1,1,1,1,1,1
Ephippidae,Animalia,Chordata,Osteichthyes,M,,,,,,,,,,,,,,,,,,,,,,,,,,,,,,,,,,,,,,,,,,,,,,,,,,,,,,,,,,,,,,,,,,,,,,,,,,,,F1,1,1,1,1,1,1,1,1,1,1
Scatophagidae,Animalia,Chordata,Osteichthyes,M,,,,,,,,,,,,,,,,,,,,,,,,,,,,,,,,,,,,,,,,,,,,,,,,,,,,,,,,,,,,,,,,,,,,,,,,,,,,F1,1,1,1,1,1,1,1,1,1,1
Siganidae,Animalia,Chordata,Osteichthyes,M,,,,,,,,,,,,,,,,,,,,,,,,,,,,,,,,,,,,,,,,,,,,,,,,,,,,,,,,,,,,,,,,,,,,,,,,,,,F1,1,1,1,1,1,1,1,1,1,1,1
Luvaridae,Animalia,Chordata,Osteichthyes,M,,,,,,,,,,,,,,,,,,,,,,,,,,,,,,,,,,,,,,,,,,,,,,,,,,,,,,,,,,,,,,,,,,,,,,,,,,,F1,1,1,1,1,1,1,1,1,1,1,1
Acanthuridae,Animalia,Chordata,Osteichthyes,M,,,,,,,,,,,,,,,,,,,,,,,,,,,,,,,,,,,,,,,,,,,,,,,,,,,,,,,,,,,,,,,,,,,,,,,,,,,,F1,1,1,1,1,1,1,1,1,1,1
? Euzaphaphlegidae,Animalia,Chordata,Osteichthyes,M,,,,,,,,,,,,,,,,,,,,,,,,,,,,,,,,,,,,,,,,,,,,,,,,,,,,,,,,,,,,,,,,,,,,,,,,,,,F1,1,1,1,1,1,1,1,L1,,,
Scombropidae,Animalia,Chordata,Osteichthyes,M,,,,,,,,,,,,,,,,,,,,,,,,,,,,,,,,,,,,,,,,,,,,,,,,,,,,,,,,,,,,,,,,,,,,,,,,,,,F1,1,1,1,1,1,1,1,1,1,1,1
Pomatomidae,Animalia,Chordata,Osteichthyes,M,,,,,,,,,,,,,,,,,,,,,,,,,,,,,,,,,,,,,,,,,,,,,,,,,,,,,,,,,,,,,,,,,,,,,,,,,,,,?F,?,?,?,?,F2,1,1,1,1,1
Sphyraenidae,Animalia,Chordata,Osteichthyes,M,,,,,,,,,,,,,,,,,,,,,,,,,,,,,,,,,,,,,,,,,,,,,,,,,,,,,,,,,,,,,,,,,,,,,,,,,,,F1,1,1,1,1,1,1,1,1,1,1,1
Gempylidae,Animalia,Chordata,Osteichthyes,M,,,,,,,,,,,,,,,,,,,,,,,,,,,,,,,,,,,,,,,,,,,,,,,,,,,,,,,,,,,,,,,,,,,,,,,,,F1,1,1,1,1,1,1,1,1,1,1,1,1,1
Scombridae,Animalia,Chordata,Osteichthyes,M,,,,,,,,,,,,,,,,,,,,,,,,,,,,,,,,,,,,,,,,,,,,,,,,,,,,,,,,,,,,,,,,,,,,,,,,,F1,1,1,1,1,1,1,1,1,1,1,1,1,1
Teraponidae,Animalia,Chordata,Osteichthyes,MF,,,,,,,,,,,,,,,,,,,,,,,,,,,,,,,,,,,,,,,,,,,,,,,,,,,,,,,,,,,,,,,,,,,,,,,,,,,,?F,F2,1,1,1,1,1,1,1,1,1
Oplegnathidae,Animalia,Chordata,Osteichthyes,M,,,,,,,,,,,,,,,,,,,,,,,,,,,,,,,,,,,,,,,,,,,,,,,,,,,,,,,,,,,,,,,,,,,,,,,,,,,,,,,,,F1,1,1,1,1,1
Kuhliidae,Animalia,Chordata,Osteichthyes,MF,,,,,,,,,,,,,,,,,,,,,,,,,,,,,,,,,,,,,,,,,,,,,,,,,,,,,,,,,,,,,,,,,,,,,,,,,,,F1,1,1,1,1,1,1,1,1,1,1,1
Kyphosidae,Animalia,Chordata,Osteichthyes,M,,,,,,,,,,,,,,,,,,,,,,,,,,,,,,,,,,,,,,,,,,,,,,,,,,,,,,,,,,,,,,,,,,,,,,,,,,,F1,1,1,1,1,1,1,1,1,1,1,1
Centrolophidae,Animalia,Chordata,Osteichthyes,M,,,,,,,,,,,,,,,,,,,,,,,,,,,,,,,,,,,,,,,,,,,,,,,,,,,,,,,,,,,,,,,,,,,,,,,,,,,,F1,1,1,1,1,1,1,1,1,1,1
Nomeidae,Animalia,Chordata,Osteichthyes,M,,,,,,,,,,,,,,,,,,,,,,,,,,,,,,,,,,,,,,,,,,,,,,,,,,,,,,,,,,,,,,,,,,,,,,,,,,,,,,,F1,1,1,1,1,1,1,1
Ariommatidae,Animalia,Chordata,Osteichthyes,M,,,,,,,,,,,,,,,,,,,,,,,,,,,,,,,,,,,,,,,,,,,,,,,,,,,,,,,,,,,,,,,,,,,,,,,,,,,,,,,,,F1,1,1,1,1,1
Tetragonuridae,Animalia,Chordata,Osteichthyes,M,,,,,,,,,,,,,,,,,,,,,,,,,,,,,,,,,,,,,,,,,,,,,,,,,,,,,,,,,,,,,,,,,,,,,,,,,,,,,,,,,,,,F1,1,1
Stromateidae,Animalia,Chordata,Osteichthyes,M,,,,,,,,,,,,,,,,,,,,,,,,,,,,,,,,,,,,,,,,,,,,,,,,,,,,,,,,,,,,,,,,,,,,,,,,,,,,F1,1,1,1,1,1,1,1,1,1,1
Osphronemidae,Animalia,Chordata,Osteichthyes,F,,,,,,,,,,,,,,,,,,,,,,,,,,,,,,,,,,,,,,,,,,,,,,,,,,,,,,,,,,,,,,,,,,,,,,,,,,,?F,?,?,F2,1,1,1,1,1,1,1,1
Channidae,Animalia,Chordata,Osteichthyes,F,,,,,,,,,,,,,,,,,,,,,,,,,,,,,,,,,,,,,,,,,,,,,,,,,,,,,,,,,,,,,,,,,,,,,,,,,,,F1,1,1,1,1,1,1,1,1,1,1,1
Amphistiidae,Animalia,Chordata,Osteichthyes,M,,,,,,,,,,,,,,,,,,,,,,,,,,,,,,,,,,,,,,,,,,,,,,,,,,,,,,,,,,,,,,,,,,,,,,,,,,,,FL,,,,,,,,,,
Psettodidae,Animalia,Chordata,Osteichthyes,M,,,,,,,,,,,,,,,,,,,,,,,,,,,,,,,,,,,,,,,,,,,,,,,,,,,,,,,,,,,,,,,,,,,,,,,,,,,F1,1,1,1,1,1,1,1,1,1,1,1
Citharidae,Animalia,Chordata,Osteichthyes,M,,,,,,,,,,,,,,,,,,,,,,,,,,,,,,,,,,,,,,,,,,,,,,,,,,,,,,,,,,,,,,,,,,,,,,,,,,,F1,1,1,1,1,1,1,1,1,1,1,1
Scophthalmidae,Animalia,Chordata,Osteichthyes,M,,,,,,,,,,,,,,,,,,,,,,,,,,,,,,,,,,,,,,,,,,,,,,,,,,,,,,,,,,,,,,,,,,,,,,,,,,,,F1,1,1,1,1,1,1,1,1,1,1
Paralichthyidae,Animalia,Chordata,Osteichthyes,M,,,,,,,,,,,,,,,,,,,,,,,,,,,,,,,,,,,,,,,,,,,,,,,,,,,,,,,,,,,,,,,,,,,,,,,,,,,,,,,F1,1,1,1,1,1,1,1
Bothidae,Animalia,Chordata,Osteichthyes,M,,,,,,,,,,,,,,,,,,,,,,,,,,,,,,,,,,,,,,,,,,,,,,,,,,,,,,,,,,,,,,,,,,,,,,,,,,,F1,1,1,1,1,1,1,1,1,1,1,1
Pleuronectidae,Animalia,Chordata,Osteichthyes,MF,,,,,,,,,,,,,,,,,,,,,,,,,,,,,,,,,,,,,,,,,,,,,,,,,,,,,,,,,,,,,,,,,,,,,,,,,,,,,,F1,1,1,1,1,1,1,1,1
Cynoglossidae,Animalia,Chordata,Osteichthyes,MF,,,,,,,,,,,,,,,,,,,,,,,,,,,,,,,,,,,,,,,,,,,,,,,,,,,,,,,,,,,,,,,,,,,,,,,,,,,,,,,,,F1,1,1,1,1,1
Soleidae,Animalia,Chordata,Osteichthyes,MF,,,,,,,,,,,,,,,,,,,,,,,,,,,,,,,,,,,,,,,,,,,,,,,,,,,,,,,,,,,,,,,,,,,,,,,,,,,,F1,1,1,1,1,1,1,1,1,1,1
? Trigonodontidae,Animalia,Chordata,Osteichthyes,M,,,,,,,,,,,,,,,,,,,,,,,,,,,,,,,,,,,,,,,,,,,,,,,,,,,,,,,,,,,,,,,,,,,,,,,,,,,,,,,,,,F1,1,L1,,
? Eotrigonodontidae,Animalia,Chordata,Osteichthyes,M,,,,,,,,,,,,,,,,,,,,,,,,,,,,,,,,,,,,,,,,,,,,,,,,,,,,,,,,,,,,,,,,,,,,,,,,F1,1,1,1,L1,,,,,,,,,,
Triacanthodidae,Animalia,Chordata,Osteichthyes,M,,,,,,,,,,,,,,,,,,,,,,,,,,,,,,,,,,,,,,,,,,,,,,,,,,,,,,,,,,,,,,,,,,,,,,,,,,,,,,,F1,1,1,1,1,1,1,1
Triacanthidae,Animalia,Chordata,Osteichthyes,M,,,,,,,,,,,,,,,,,,,,,,,,,,,,,,,,,,,,,,,,,,,,,,,,,,,,,,,,,,,,,,,,,,,,,,,,,,,,F1,1,1,1,1,1,1,1,1,1,1
Spinacanthidae,Animalia,Chordata,Osteichthyes,M,,,,,,,,,,,,,,,,,,,,,,,,,,,,,,,,,,,,,,,,,,,,,,,,,,,,,,,,,,,,,,,,,,,,,,,,,,,,FL,,,,,,,,,,
Balistidae,Animalia,Chordata,Osteichthyes,M,,,,,,,,,,,,,,,,,,,,,,,,,,,,,,,,,,,,,,,,,,,,,,,,,,,,,,,,,,,,,,,,,,,,,,,,,,,,,,,F1,1,1,1,1,1,1,1
Monacanthidae,Animalia,Chordata,Osteichthyes,M,,,,,,,,,,,,,,,,,,,,,,,,,,,,,,,,,,,,,,,,,,,,,,,,,,,,,,,,,,,,,,,,,,,,,,,,,,,F1,1,1,1,1,1,1,1,1,1,1,1
Aracanidae,Animalia,Chordata,Osteichthyes,M,,,,,,,,,,,,,,,,,,,,,,,,,,,,,,,,,,,,,,,,,,,,,,,,,,,,,,,,,,,,,,,,,,,,,,,,,,,,F1,1,1,1,1,1,1,1,1,1,1
Ostraciidae,Animalia,Chordata,Osteichthyes,M,,,,,,,,,,,,,,,,,,,,,,,,,,,,,,,,,,,,,,,,,,,,,,,,,,,,,,,,,,,,,,,,,,,,,,,,,,,,F1,1,1,1,1,1,1,1,1,1,1
Eoplectidae,Animalia,Chordata,Osteichthyes,M,,,,,,,,,,,,,,,,,,,,,,,,,,,,,,,,,,,,,,,,,,,,,,,,,,,,,,,,,,,,,,,,,,,,,,,,,,,,FL,,,,,,,,,,
Triodontidae,Animalia,Chordata,Osteichthyes,M,,,,,,,,,,,,,,,,,,,,,,,,,,,,,,,,,,,,,,,,,,,,,,,,,,,,,,,,,,,,,,,,,,,,,,,,,,,F1,1,1,1,1,1,1,1,1,1,1,1
Tetraodontidae,Animalia,Chordata,Osteichthyes,MF,,,,,,,,,,,,,,,,,,,,,,,,,,,,,,,,,,,,,,,,,,,,,,,,,,,,,,,,,,,,,,,,,,,,,,,,,,,,F1,1,1,1,1,1,1,1,1,1,1
Diodontidae,Animalia,Chordata,Osteichthyes,M,,,,,,,,,,,,,,,,,,,,,,,,,,,,,,,,,,,,,,,,,,,,,,,,,,,,,,,,,,,,,,,,,,,,,,,,,,,F1,1,1,1,1,1,1,1,1,1,1,1
Molidae,Animalia,Chordata,Osteichthyes,M,,,,,,,,,,,,,,,,,,,,,,,,,,,,,,,,,,,,,,,,,,,,,,,,,,,,,,,,,,,,,,,,,,,,,,,,,,,,?F,?,F2,1,1,1,1,1,1,1,1