Archaeopterygiformes,Animalia,Chordata,Aves,T,,,,,,,,,,,,,,,,,,,,,,,,,,,,,,,,,,,,,,,,,,,,,,,,,,,,,,,,,,,,FL,?L,,,,,,,,,,,,,,,,,,,,,,,,,
Iberomesornithidae,Animalia,Chordata,Aves,T,,,,,,,,,,,,,,,,,,,,,,,,,,,,,,,,,,,,,,,,,,,,,,,,,,,,,,,,,,,,,,,FL,FL,,,,,,,,,,,,,,,,,,,,,,
Ambiortidae,Animalia,Chordata,Aves,T,,,,,,,,,,,,,,,,,,,,,,,,,,,,,,,,,,,,,,,,,,,,,,,,,,,,,,,,,,,,,,,,FL,FL,,,,,,,,,,,,,,,,,,,,,
Enaliornithidae,Animalia,Chordata,Aves,M,,,,,,,,,,,,,,,,,,,,,,,,,,,,,,,,,,,,,,,,,,,,,,,,,,,,,,,,,,,,,,,,,,F1,L1,,,,,,,,,,,,,,,,,,,
Baptornithidae,Animalia,Chordata,Aves,M,,,,,,,,,,,,,,,,,,,,,,,,,,,,,,,,,,,,,,,,,,,,,,,,,,,,,,,,,,,,,,,,,,,,,,F1,L1,,,,,,,,,,,,,,,
Hesperornithidae,Animalia,Chordata,Aves,M,,,,,,,,,,,,,,,,,,,,,,,,,,,,,,,,,,,,,,,,,,,,,,,,,,,,,,,,,,,,,,,,,,,,,,F1,L2,?L,,,,,,,,,,,,,,
Ichthyornithidae,Animalia,Chordata,Aves,SM,,,,,,,,,,,,,,,,,,,,,,,,,,,,,,,,,,,,,,,,,,,,,,,,,,,,,,,,,,,,,,,,,,,,F1,1,1,L1,,,,,,,,,,,,,,,
Apatornithidae,Animalia,Chordata,Aves,SM,,,,,,,,,,,,,,,,,,,,,,,,,,,,,,,,,,,,,,,,,,,,,,,,,,,,,,,,,,,,,,,,,,,,,F1,1,L2,?L,,,,,,,,,,,,,,
Zhyraornithidae,Animalia,Chordata,Aves,S,,,,,,,,,,,,,,,,,,,,,,,,,,,,,,,,,,,,,,,,,,,,,,,,,,,,,,,,,,,,,,,,,,,,FL,FL,,,,,,,,,,,,,,,,,
Enantiornithidae,Animalia,Chordata,Aves,T,,,,,,,,,,,,,,,,,,,,,,,,,,,,,,,,,,,,,,,,,,,,,,,,,,,,,,,,,,,,,,,,,,,,,,,,FL,,,,,,,,,,,,,,
Alexornithidae,Animalia,Chordata,Aves,T,,,,,,,,,,,,,,,,,,,,,,,,,,,,,,,,,,,,,,,,,,,,,,,,,,,,,,,,,,,,,,,,,,,,,,,FL,,,,,,,,,,,,,,,
Avisauridae,Animalia,Chordata,Aves,T,,,,,,,,,,,,,,,,,,,,,,,,,,,,,,,,,,,,,,,,,,,,,,,,,,,,,,,,,,,,,,,,,,,,,,,,?FL,,,,,,,,,,,,,,
Unnamed,Animalia,Chordata,Aves,T,,,,,,,,,,,,,,,,,,,,,,,,,,,,,,,,,,,,,,,,,,,,,,,,,,,,,,,,,,,,,,,,,,,,,FL,,,,,,,,,,,,,,,,,
Nanantius,Animalia,Chordata,Aves,T,,,,,,,,,,,,,,,,,,,,,,,,,,,,,,,,,,,,,,,,,,,,,,,,,,,,,,,,,,,,,,,,,,FL,,,,,,,,,,,,,,,,,,,,
Gobipterygidae,Animalia,Chordata,Aves,T,,,,,,,,,,,,,,,,,,,,,,,,,,,,,,,,,,,,,,,,,,,,,,,,,,,,,,,,,,,,,,,,,,,,,,,FL,,,,,,,,,,,,,,,
Patagopterygidae,Animalia,Chordata,Aves,T,,,,,,,,,,,,,,,,,,,,,,,,,,,,,,,,,,,,,,,,,,,,,,,,,,,,,,,,,,,,,,,,,,,,,FL,,,,,,,,,,,,,,,,,
Lithornithidae,Animalia,Chordata,Aves,T,,,,,,,,,,,,,,,,,,,,,,,,,,,,,,,,,,,,,,,,,,,,,,,,,,,,,,,,,,,,,,,,,,,,,,,,,,F1,1,L1,,,,,,,,,,
Eleutherornithidae,Animalia,Chordata,Aves,T,,,,,,,,,,,,,,,,,,,,,,,,,,,,,,,,,,,,,,,,,,,,,,,,,,,,,,,,,,,,,,,,,,,,,,,,,,,,F1,1,L2,?L,,,,,,,
Struthionidae,Animalia,Chordata,Aves,T,,,,,,,,,,,,,,,,,,,,,,,,,,,,,,,,,,,,,,,,,,,,,,,,,,,,,,,,,,,,,,,,,,,,,,,,,,,,,,,,,,,F1,1,1,1
Palaeotididae,Animalia,Chordata,Aves,T,,,,,,,,,,,,,,,,,,,,,,,,,,,,,,,,,,,,,,,,,,,,,,,,,,,,,,,,,,,,,,,,,,,,,,,,,,,,FL,,,,,,,,,,
Remiornithidae,Animalia,Chordata,Aves,T,,,,,,,,,,,,,,,,,,,,,,,,,,,,,,,,,,,,,,,,,,,,,,,,,,,,,,,,,,,,,,,,,,,,,,,,,,FL,,,,,,,,,,,,
Aepyornithidae,Animalia,Chordata,Aves,T,,,,,,,,,,,,,,,,,,,,,,,,,,,,,,,,,,,,,,,,,,,,,,,,,,,,,,,,,,,,,,,,,,,,,,,,,,,,,,,,,,,,,FL,FL
Casuariidae,Animalia,Chordata,Aves,T,,,,,,,,,,,,,,,,,,,,,,,,,,,,,,,,,,,,,,,,,,,,,,,,,,,,,,,,,,,,,,,,,,,,,,,,,,,,,,,,,,,,F1,1,1
Dromaiidae,Animalia,Chordata,Aves,T,,,,,,,,,,,,,,,,,,,,,,,,,,,,,,,,,,,,,,,,,,,,,,,,,,,,,,,,,,,,,,,,,,,,,,,,,,,,,,,,?F,F2,1,1,1,1,1
Dinornithidae,Animalia,Chordata,Aves,T,,,,,,,,,,,,,,,,,,,,,,,,,,,,,,,,,,,,,,,,,,,,,,,,,,,,,,,,,,,,,,,,,,,,,,,,,,,,,,,,,,,,,FL,FL
Anomalopterygidae,Animalia,Chordata,Aves,T,,,,,,,,,,,,,,,,,,,,,,,,,,,,,,,,,,,,,,,,,,,,,,,,,,,,,,,,,,,,,,,,,,,,,,,,,,,,,,,,,,,?F,F2,1,1
Apterygidae,Animalia,Chordata,Aves,T,,,,,,,,,,,,,,,,,,,,,,,,,,,,,,,,,,,,,,,,,,,,,,,,,,,,,,,,,,,,,,,,,,,,,,,,,,,,,,,,,,,,,?F,F2
Opisthodactylidae,Animalia,Chordata,Aves,T,,,,,,,,,,,,,,,,,,,,,,,,,,,,,,,,,,,,,,,,,,,,,,,,,,,,,,,,,,,,,,,,,,,,,,,,,,?F,F2,1,1,1,1,1,L1,,,,,
Rheidae,Animalia,Chordata,Aves,T,,,,,,,,,,,,,,,,,,,,,,,,,,,,,,,,,,,,,,,,,,,,,,,,,,,,,,,,,,,,,,,,,,,,,,,,,,,,,,,,,,,,F1,1,1
Tinamidae,Animalia,Chordata,Aves,T,,,,,,,,,,,,,,,,,,,,,,,,,,,,,,,,,,,,,,,,,,,,,,,,,,,,,,,,,,,,,,,,,,,,,,,,,,,,,,,,,,,F1,1,1,1
Spheniscidae,Animalia,Chordata,Aves,M,,,,,,,,,,,,,,,,,,,,,,,,,,,,,,,,,,,,,,,,,,,,,,,,,,,,,,,,,,,,,,,,,,,,,,,,,,,,,,F1,1,1,1,1,1,1,1,1
Gaviidae,Animalia,Chordata,Aves,MF,,,,,,,,,,,,,,,,,,,,,,,,,,,,,,,,,,,,,,,,,,,,,,,,,,,,,,,,,,,,,,,,,,,?F,?,?,?,?,F2,1,1,1,1,1,1,1,1,1,1,1,1,1,1
Podicipedidae,Animalia,Chordata,Aves,SF,,,,,,,,,,,,,,,,,,,,,,,,,,,,,,,,,,,,,,,,,,,,,,,,,,,,,,,,,,,,,,,,,,,,,,,,,,,,,,,,,F1,1,1,1,1,1
Diomedeidae,Animalia,Chordata,Aves,M,,,,,,,,,,,,,,,,,,,,,,,,,,,,,,,,,,,,,,,,,,,,,,,,,,,,,,,,,,,,,,,,,,,,,,,,,,,,,,F1,1,1,1,1,1,1,1,1
Diomedeoididae,Animalia,Chordata,Aves,M,,,,,,,,,,,,,,,,,,,,,,,,,,,,,,,,,,,,,,,,,,,,,,,,,,,,,,,,,,,,,,,,,,,,,,,,,,,,,,,FL,,,,,,,
Tytthostonychidae,Animalia,Chordata,Aves,M,,,,,,,,,,,,,,,,,,,,,,,,,,,,,,,,,,,,,,,,,,,,,,,,,,,,,,,,,,,,,,,,,,,,,,,,FL,,,,,,,,,,,,,,
Procellariidae,Animalia,Chordata,Aves,M,,,,,,,,,,,,,,,,,,,,,,,,,,,,,,,,,,,,,,,,,,,,,,,,,,,,,,,,,,,,,,,,,,,,,,,,,,?F,F2,1,1,1,1,1,1,1,1,1,1,1
Oceanitidae,Animalia,Chordata,Aves,M,,,,,,,,,,,,,,,,,,,,,,,,,,,,,,,,,,,,,,,,,,,,,,,,,,,,,,,,,,,,,,,,,,,,,,,,,,,,,,,,,,,F1,1,1,1
Pelecanoididae,Animalia,Chordata,Aves,M,,,,,,,,,,,,,,,,,,,,,,,,,,,,,,,,,,,,,,,,,,,,,,,,,,,,,,,,,,,,,,,,,,,,,,,,,,,,,,,,,,,,F1,1,1
Prophaethontidae,Animalia,Chordata,Aves,M,,,,,,,,,,,,,,,,,,,,,,,,,,,,,,,,,,,,,,,,,,,,,,,,,,,,,,,,,,,,,,,,,,,,,,,,,,,FL,,,,,,,,,,,
Phaethontidae,Animalia,Chordata,Aves,M,,,,,,,,,,,,,,,,,,,,,,,,,,,,,,,,,,,,,,,,,,,,,,,,,,,,,,,,,,,,,,,,,,,,,,,,,,,,,,,,,,F1,1,1,1,1
Pelecanidae,Animalia,Chordata,Aves,MF,,,,,,,,,,,,,,,,,,,,,,,,,,,,,,,,,,,,,,,,,,,,,,,,,,,,,,,,,,,,,,,,,,,,,,,,,,,,,,,?F,F2,1,1,1,1,1,1
Plotopteridae,Animalia,Chordata,Aves,M,,,,,,,,,,,,,,,,,,,,,,,,,,,,,,,,,,,,,,,,,,,,,,,,,,,,,,,,,,,,,,,,,,,,,,,,,,,,,,F1,1,1,1,L1,,,,
Elopterygidae,Animalia,Chordata,Aves,MF,,,,,,,,,,,,,,,,,,,,,,,,,,,,,,,,,,,,,,,,,,,,,,,,,,,,,,,,,,,,,,,,,,,,,,,,F1,1,1,1,1,1,1,1,1,1,1,L1,,,
Sulidae,Animalia,Chordata,Aves,M,,,,,,,,,,,,,,,,,,,,,,,,,,,,,,,,,,,,,,,,,,,,,,,,,,,,,,,,,,,,,,,,,,,,,,,,,,,,,,,?F,F2,1,1,1,1,1,1
Phalacrocoracidae,Animalia,Chordata,Aves,SF,,,,,,,,,,,,,,,,,,,,,,,,,,,,,,,,,,,,,,,,,,,,,,,,,,,,,,,,,,,,,,,,,,,,,,,,,,,,,,?F,F2,1,1,1,1,1,1,1
Anhingidae,Animalia,Chordata,Aves,SF,,,,,,,,,,,,,,,,,,,,,,,,,,,,,,,,,,,,,,,,,,,,,,,,,,,,,,,,,,,,,,,,,,,,,,,,,,,,,,,,,F1,1,1,1,1,1
Protoplotus,Animalia,Chordata,Aves,TF,,,,,,,,,,,,,,,,,,,,,,,,,,,,,,,,,,,,,,,,,,,,,,,,,,,,,,,,,,,,,,,,,,,,,,,,,,,?F,?,?,?,?,?,?,?,?L,,,
Fregatidae,Animalia,Chordata,Aves,MF,,,,,,,,,,,,,,,,,,,,,,,,,,,,,,,,,,,,,,,,,,,,,,,,,,,,,,,,,,,,,,,,,,,,,,,,,,,F1,1,1,1,1,1,1,1,1,1,1,1
Pelagornithidae,Animalia,Chordata,Aves,M,,,,,,,,,,,,,,,,,,,,,,,,,,,,,,,,,,,,,,,,,,,,,,,,,,,,,,,,,,,,,,,,,,,,,,,,,,F1,1,1,1,1,1,1,1,1,L2,?L,,
Ardeidae,Animalia,Chordata,Aves,TF,,,,,,,,,,,,,,,,,,,,,,,,,,,,,,,,,,,,,,,,,,,,,,,,,,,,,,,,,,,,,,,,,,,,,,,,,,,,,?F,?,?,F2,1,1,1,1,1,1
Xenerodiopidae,Animalia,Chordata,Aves,TF,,,,,,,,,,,,,,,,,,,,,,,,,,,,,,,,,,,,,,,,,,,,,,,,,,,,,,,,,,,,,,,,,,,,,,,,,,,,,,,FL,,,,,,,
Scopidae,Animalia,Chordata,Aves,T,,,,,,,,,,,,,,,,,,,,,,,,,,,,,,,,,,,,,,,,,,,,,,,,,,,,,,,,,,,,,,,,,,,,,,,,,,,,,,,,,,,,F1,1,1
Ciconiidae,Animalia,Chordata,Aves,TF,,,,,,,,,,,,,,,,,,,,,,,,,,,,,,,,,,,,,,,,,,,,,,,,,,,,,,,,,,,,,,,,,,,,,,,,,,,,,,,,,,,?F,F2,1,1
Balaenicipitidae,Animalia,Chordata,Aves,TF,,,,,,,,,,,,,,,,,,,,,,,,,,,,,,,,,,,,,,,,,,,,,,,,,,,,,,,,,,,,,,,,,,,,,,,,,,,,,,,F1,1,1,1,1,1,1,1
Plataleidae,Animalia,Chordata,Aves,SF,,,,,,,,,,,,,,,,,,,,,,,,,,,,,,,,,,,,,,,,,,,,,,,,,,,,,,,,,,,,,,,,,,,,,,,,,,,,F1,1,1,1,1,1,1,1,1,1,1
Vulturidae,Animalia,Chordata,Aves,T,,,,,,,,,,,,,,,,,,,,,,,,,,,,,,,,,,,,,,,,,,,,,,,,,,,,,,,,,,,,,,,,,,,,,,,,,,,,,F1,1,1,1,1,1,1,1,1,1
Teratornithidae,Animalia,Chordata,Aves,T,,,,,,,,,,,,,,,,,,,,,,,,,,,,,,,,,,,,,,,,,,,,,,,,,,,,,,,,,,,,,,,,,,,,,,,,,,,,,,,,,,,F1,1,L1,
Sagittariidae,Animalia,Chordata,Aves,T,,,,,,,,,,,,,,,,,,,,,,,,,,,,,,,,,,,,,,,,,,,,,,,,,,,,,,,,,,,,,,,,,,,,,,,,,,,,,,,F1,1,1,1,1,1,1,1
Accipitridae,Animalia,Chordata,Aves,T,,,,,,,,,,,,,,,,,,,,,,,,,,,,,,,,,,,,,,,,,,,,,,,,,,,,,,,,,,,,,,,,,,,,,,,,,,,,?F,?,F2,1,1,1,1,1,1,1,1
Pandionidae,Animalia,Chordata,Aves,TF,,,,,,,,,,,,,,,,,,,,,,,,,,,,,,,,,,,,,,,,,,,,,,,,,,,,,,,,,,,,,,,,,,,,,,,,,,,,,,,F1,1,1,1,1,1,1,1
Falconidae,Animalia,Chordata,Aves,T,,,,,,,,,,,,,,,,,,,,,,,,,,,,,,,,,,,,,,,,,,,,,,,,,,,,,,,,,,,,,,,,,,,,,,,,,,,F1,1,1,1,1,1,1,1,1,1,1,1
Horusornithidae,Animalia,Chordata,Aves,T,,,,,,,,,,,,,,,,,,,,,,,,,,,,,,,,,,,,,,,,,,,,,,,,,,,,,,,,,,,,,,,,,,,,,,,,,,,F1,1,1,1,L1,,,,,,,
Anhimidae,Animalia,Chordata,Aves,F,,,,,,,,,,,,,,,,,,,,,,,,,,,,,,,,,,,,,,,,,,,,,,,,,,,,,,,,,,,,,,,,,,,,,,,,,,,F1,1,1,1,1,1,1,1,1,1,1,1
Anatidae,Animalia,Chordata,Aves,MF,,,,,,,,,,,,,,,,,,,,,,,,,,,,,,,,,,,,,,,,,,,,,,,,,,,,,,,,,,,,,,,,,,,,,,,,,,,?F,?,?,F2,1,1,1,1,1,1,1,1
Presbyornithidae,Animalia,Chordata,Aves,SF,,,,,,,,,,,,,,,,,,,,,,,,,,,,,,,,,,,,,,,,,,,,,,,,,,,,,,,,,,,,,,,,,,,,,,,?F,F2,1,1,1,1,1,L2,?L,,,,,,,
Cracidae,Animalia,Chordata,Aves,T,,,,,,,,,,,,,,,,,,,,,,,,,,,,,,,,,,,,,,,,,,,,,,,,,,,,,,,,,,,,,,,,,,,,,,,,,,,,,,,,,F1,1,1,1,1,1
Gallinuloididae,Animalia,Chordata,Aves,T,,,,,,,,,,,,,,,,,,,,,,,,,,,,,,,,,,,,,,,,,,,,,,,,,,,,,,,,,,,,,,,,,,,,,,,,,,,F1,1,1,1,1,1,L1,,,,,
Paraortygidae,Animalia,Chordata,Aves,T,,,,,,,,,,,,,,,,,,,,,,,,,,,,,,,,,,,,,,,,,,,,,,,,,,,,,,,,,,,,,,,,,,,,,,,,,,,,,,F1,1,L1,,,,,,
Quercymegapodiidae,Animalia,Chordata,Aves,T,,,,,,,,,,,,,,,,,,,,,,,,,,,,,,,,,,,,,,,,,,,,,,,,,,,,,,,,,,,,,,,,,,,,,,,,,,,,,F1,1,1,1,L1,,,,,
Megapodiidae,Animalia,Chordata,Aves,T,,,,,,,,,,,,,,,,,,,,,,,,,,,,,,,,,,,,,,,,,,,,,,,,,,,,,,,,,,,,,,,,,,,,,,,,,,,,,,,,,,,,,F1,1
Phasianidae,Animalia,Chordata,Aves,T,,,,,,,,,,,,,,,,,,,,,,,,,,,,,,,,,,,,,,,,,,,,,,,,,,,,,,,,,,,,,,,,,,,,,,,,,,,,,,?F,F2,1,1,1,1,1,1,1
Numididae,Animalia,Chordata,Aves,T,,,,,,,,,,,,,,,,,,,,,,,,,,,,,,,,,,,,,,,,,,,,,,,,,,,,,,,,,,,,,,,,,,,,,,,,,,,,,,?F,F1,1,1,1,1,1,1,1
Turnicidae,Animalia,Chordata,Aves,T,,,,,,,,,,,,,,,,,,,,,,,,,,,,,,,,,,,,,,,,,,,,,,,,,,,,,,,,,,,,,,,,,,,,,,,,,,,,,,,,,?F,?,F2,1,1,1
Geranoididae,Animalia,Chordata,Aves,T,,,,,,,,,,,,,,,,,,,,,,,,,,,,,,,,,,,,,,,,,,,,,,,,,,,,,,,,,,,,,,,,,,,,,,,,,,,FL,?L,,,,,,,,,,
Ergilornithidae,Animalia,Chordata,Aves,T,,,,,,,,,,,,,,,,,,,,,,,,,,,,,,,,,,,,,,,,,,,,,,,,,,,,,,,,,,,,,,,,,,,,,,,,,,,,,,,F1,1,1,1,1,L1,,
Eogruidae,Animalia,Chordata,Aves,T,,,,,,,,,,,,,,,,,,,,,,,,,,,,,,,,,,,,,,,,,,,,,,,,,,,,,,,,,,,,,,,,,,,,,,,,,,,,,,F1,1,1,1,L2,?L,,,
Gruidae,Animalia,Chordata,Aves,TF,,,,,,,,,,,,,,,,,,,,,,,,,,,,,,,,,,,,,,,,,,,,,,,,,,,,,,,,,,,,,,,,,,,,,,,,,,,,,,F1,1,1,1,1,1,1,1,1
Aramidae,Animalia,Chordata,Aves,T,,,,,,,,,,,,,,,,,,,,,,,,,,,,,,,,,,,,,,,,,,,,,,,,,,,,,,,,,,,,,,,,,,,,,,,,,,,,,,,F1,1,1,1,1,1,1,1
Psophiidae,Animalia,Chordata,Aves,T,,,,,,,,,,,,,,,,,,,,,,,,,,,,,,,,,,,,,,,,,,,,,,,,,,,,,,,,,,,,,,,,,,,,,,,,,,,,,,,,,?F,F2,1,1,1,1
Songzidae,Animalia,Chordata,Aves,T,,,,,,,,,,,,,,,,,,,,,,,,,,,,,,,,,,,,,,,,,,,,,,,,,,,,,,,,,,,,,,,,,,,,,,,,,,,FL,,,,,,,,,,,
Rallidae,Animalia,Chordata,Aves,T,,,,,,,,,,,,,,,,,,,,,,,,,,,,,,,,,,,,,,,,,,,,,,,,,,,,,,,,,,,,,,,,,,,,,,,,,,,F1,1,1,1,1,1,1,1,1,1,1,1
Messelornithidae,Animalia,Chordata,Aves,T,,,,,,,,,,,,,,,,,,,,,,,,,,,,,,,,,,,,,,,,,,,,,,,,,,,,,,,,,,,,,,,,,,,,,,,,,,F1,1,1,L2,?,?,?L,,,,,,
Eurypygidae,Animalia,Chordata,Aves,T,,,,,,,,,,,,,,,,,,,,,,,,,,,,,,,,,,,,,,,,,,,,,,,,,,,,,,,,,,,,,,,,,,,,,,,,,,,?F,F2,1,1,1,1,1,1,1,1,1,1
Rhynochetidae,Animalia,Chordata,Aves,T,,,,,,,,,,,,,,,,,,,,,,,,,,,,,,,,,,,,,,,,,,,,,,,,,,,,,,,,,,,,,,,,,,,,,,,,,,,,,,,,,,,,,,F1
Apterornithidae,Animalia,Chordata,Aves,T,,,,,,,,,,,,,,,,,,,,,,,,,,,,,,,,,,,,,,,,,,,,,,,,,,,,,,,,,,,,,,,,,,,,,,,,,,,,,,,,,,,,,F1,L1
Cariamidae,Animalia,Chordata,Aves,T,,,,,,,,,,,,,,,,,,,,,,,,,,,,,,,,,,,,,,,,,,,,,,,,,,,,,,,,,,,,,,,,,,,,,,,,,,,,,,,?F,F2,1,1,1,1,1,1
Bathornithidae,Animalia,Chordata,Aves,T,,,,,,,,,,,,,,,,,,,,,,,,,,,,,,,,,,,,,,,,,,,,,,,,,,,,,,,,,,,,,,,,,,,,,,,,,,,,,F1,1,1,1,L1,,,,,
Idiornithidae,Animalia,Chordata,Aves,T,,,,,,,,,,,,,,,,,,,,,,,,,,,,,,,,,,,,,,,,,,,,,,,,,,,,,,,,,,,,,,,,,,,,,,,,,,,,?F,F2,1,1,L1,,,,,,
Phororhacidae,Animalia,Chordata,Aves,T,,,,,,,,,,,,,,,,,,,,,,,,,,,,,,,,,,,,,,,,,,,,,,,,,,,,,,,,,,,,,,,,,,,,,,,,,,F1,1,1,1,1,1,1,1,1,1,L1,,
Cunampaiidae,Animalia,Chordata,Aves,T,,,,,,,,,,,,,,,,,,,,,,,,,,,,,,,,,,,,,,,,,,,,,,,,,,,,,,,,,,,,,,,,,,,,,,,,,,,,,,FL,,,,,,,,
Otididae,Animalia,Chordata,Aves,T,,,,,,,,,,,,,,,,,,,,,,,,,,,,,,,,,,,,,,,,,,,,,,,,,,,,,,,,,,,,,,,,,,,,,,,,,,,,,?F,?,?,F2,1,1,1,1,1,1
Gryzajidae,Animalia,Chordata,Aves,T,,,,,,,,,,,,,,,,,,,,,,,,,,,,,,,,,,,,,,,,,,,,,,,,,,,,,,,,,,,,,,,,,,,,,,,,,,,,,,,,,,,,FL,,
Gastornithidae,Animalia,Chordata,Aves,T,,,,,,,,,,,,,,,,,,,,,,,,,,,,,,,,,,,,,,,,,,,,,,,,,,,,,,,,,,,,,,,,,,,,,,,,,,F1,L1,,,,,,,,,,,
Diatrymidae,Animalia,Chordata,Aves,T,,,,,,,,,,,,,,,,,,,,,,,,,,,,,,,,,,,,,,,,,,,,,,,,,,,,,,,,,,,,,,,,,,,,,,,,,,,F1,L1,,,,,,,,,,
Phoenicopteridae,Animalia,Chordata,Aves,TF,,,,,,,,,,,,,,,,,,,,,,,,,,,,,,,,,,,,,,,,,,,,,,,,,,,,,,,,,,,,,,,,,,,,,,,,,,,,F1,1,1,1,1,1,1,1,1,1,1
Palaelodidae,Animalia,Chordata,Aves,TF,,,,,,,,,,,,,,,,,,,,,,,,,,,,,,,,,,,,,,,,,,,,,,,,,,,,,,,,,,,,,,,,,,,,,,,,,,,,,,,F1,1,1,1,1,L1,,
Jacanidae,Animalia,Chordata,Aves,TF,,,,,,,,,,,,,,,,,,,,,,,,,,,,,,,,,,,,,,,,,,,,,,,,,,,,,,,,,,,,,,,,,,,,,,,,,,,,,,,F1,1,1,1,1,1,1,1
Rostratulidae,Animalia,Chordata,Aves,TF,,,,,,,,,,,,,,,,,,,,,,,,,,,,,,,,,,,,,,,,,,,,,,,,,,,,,,,,,,,,,,,,,,,,,,,,,,,,,,,,,,,,F1,1,1
Haematopodidae,Animalia,Chordata,Aves,ST,,,,,,,,,,,,,,,,,,,,,,,,,,,,,,,,,,,,,,,,,,,,,,,,,,,,,,,,,,,,,,,,,,,,,,,,,,,,,,,,,,,,F1,1,1
Charadriidae,Animalia,Chordata,Aves,ST,,,,,,,,,,,,,,,,,,,,,,,,,,,,,,,,,,,,,,,,,,,,,,,,,,,,,,,,,,,,,,,,,,,,,,,,,,,,,,,,,?F,F2,1,1,1,1
Scolopacidae,Animalia,Chordata,Aves,ST,,,,,,,,,,,,,,,,,,,,,,,,,,,,,,,,,,,,,,,,,,,,,,,,,,,,,,,,,,,,,,,,,,,,,,,,,,,,,?F,?,?,F2,1,1,1,1,1,1
Recurvirostridae,Animalia,Chordata,Aves,ST,,,,,,,,,,,,,,,,,,,,,,,,,,,,,,,,,,,,,,,,,,,,,,,,,,,,,,,,,,,,,,,,,,,,,,,,,,,F1,1,1,1,1,1,1,1,1,1,1,1
Graculavidae,Animalia,Chordata,Aves,SM,,,,,,,,,,,,,,,,,,,,,,,,,,,,,,,,,,,,,,,,,,,,,,,,,,,,,,,,,,,,,,,,,,,,,,,,FL,,,,,,,,,,,,,,
Phalaropodidae,Animalia,Chordata,Aves,SM,,,,,,,,,,,,,,,,,,,,,,,,,,,,,,,,,,,,,,,,,,,,,,,,,,,,,,,,,,,,,,,,,,,,,,,,,,,,,,,,,,,,F1,1,1
Burhinidae,Animalia,Chordata,Aves,T,,,,,,,,,,,,,,,,,,,,,,,,,,,,,,,,,,,,,,,,,,,,,,,,,,,,,,,,,,,,,,,,,,,,,,,,,,,,,,,,,F1,1,1,1,1,1
Glareolidae,Animalia,Chordata,Aves,T,,,,,,,,,,,,,,,,,,,,,,,,,,,,,,,,,,,,,,,,,,,,,,,,,,,,,,,,,,,,,,,,,,,,,,,,,,,,,,,,,F1,1,1,1,1,1
Thinocoridae,Animalia,Chordata,Aves,T,,,,,,,,,,,,,,,,,,,,,,,,,,,,,,,,,,,,,,,,,,,,,,,,,,,,,,,,,,,,,,,,,,,,,,,,,,,,,,,,,,,,,F1,1
Stercorariidae,Animalia,Chordata,Aves,SM,,,,,,,,,,,,,,,,,,,,,,,,,,,,,,,,,,,,,,,,,,,,,,,,,,,,,,,,,,,,,,,,,,,,,,,,,,,,,,,,,F1,1,1,1,1,1
Laridae,Animalia,Chordata,Aves,SM,,,,,,,,,,,,,,,,,,,,,,,,,,,,,,,,,,,,,,,,,,,,,,,,,,,,,,,,,,,,,,,,,,,,,,,,,,,,,,?F,F2,1,1,1,1,1,1,1
Alcidae,Animalia,Chordata,Aves,M,,,,,,,,,,,,,,,,,,,,,,,,,,,,,,,,,,,,,,,,,,,,,,,,,,,,,,,,,,,,,,,,,,,,,,,,,,,,,,?F,F2,1,1,1,1,1,1,1
Pteroclidae,Animalia,Chordata,Aves,T,,,,,,,,,,,,,,,,,,,,,,,,,,,,,,,,,,,,,,,,,,,,,,,,,,,,,,,,,,,,,,,,,,,,,,,,,,,,,,?F,?,F2,1,1,1,1,1,1
Columbidae,Animalia,Chordata,Aves,T,,,,,,,,,,,,,,,,,,,,,,,,,,,,,,,,,,,,,,,,,,,,,,,,,,,,,,,,,,,,,,,,,,,,,,,,,,,,,,,,,F1,1,1,1,1,1
Raphidae,Animalia,Chordata,Aves,T,,,,,,,,,,,,,,,,,,,,,,,,,,,,,,,,,,,,,,,,,,,,,,,,,,,,,,,,,,,,,,,,,,,,,,,,,,,,,,,,,,,,,FL,FL
Psittacidae,Animalia,Chordata,Aves,T,,,,,,,,,,,,,,,,,,,,,,,,,,,,,,,,,,,,,,,,,,,,,,,,,,,,,,,,,,,,,,,,,,,,,,,,,,,?F,F2,1,1,1,1,1,1,1,1,1,1
Musophagidae,Animalia,Chordata,Aves,T,,,,,,,,,,,,,,,,,,,,,,,,,,,,,,,,,,,,,,,,,,,,,,,,,,,,,,,,,,,,,,,,,,,,,,,,,,?F,F2,1,1,1,1,1,1,1,1,1,1,1
Cuculidae,Animalia,Chordata,Aves,T,,,,,,,,,,,,,,,,,,,,,,,,,,,,,,,,,,,,,,,,,,,,,,,,,,,,,,,,,,,,,,,,,,,,,,,,,,,,,?F,?,?,F2,1,1,1,1,1,1
Parvicuculidae,Animalia,Chordata,Aves,T,,,,,,,,,,,,,,,,,,,,,,,,,,,,,,,,,,,,,,,,,,,,,,,,,,,,,,,,,,,,,,,,,,,,,,,,,,,FL,,,,,,,,,,,
Opisthocomidae,Animalia,Chordata,Aves,T,,,,,,,,,,,,,,,,,,,,,,,,,,,,,,,,,,,,,,,,,,,,,,,,,,,,,,,,,,,,,,,,,,,,,,,,,,,,,,,,,,F1,1,1,1,1
Foratidae,Animalia,Chordata,Aves,T,,,,,,,,,,,,,,,,,,,,,,,,,,,,,,,,,,,,,,,,,,,,,,,,,,,,,,,,,,,,,,,,,,,,,,,,,,,FL,,,,,,,,,,,
Tytonidae,Animalia,Chordata,Aves,T,,,,,,,,,,,,,,,,,,,,,,,,,,,,,,,,,,,,,,,,,,,,,,,,,,,,,,,,,,,,,,,,,,,,,,,,,,,,?F,F2,1,1,1,1,1,1,1,1,1
Sophiornithidae,Animalia,Chordata,Aves,T,,,,,,,,,,,,,,,,,,,,,,,,,,,,,,,,,,,,,,,,,,,,,,,,,,,,,,,,,,,,,,,,,,,,,,,,,,F1,1,1,1,1,L1,,,,,,,
Protostrigidae,Animalia,Chordata,Aves,T,,,,,,,,,,,,,,,,,,,,,,,,,,,,,,,,,,,,,,,,,,,,,,,,,,,,,,,,,,,,,,,,,,,,,,,,,,,F1,1,1,1,L1,,,,,,,
Ogygoptyngidae,Animalia,Chordata,Aves,T,,,,,,,,,,,,,,,,,,,,,,,,,,,,,,,,,,,,,,,,,,,,,,,,,,,,,,,,,,,,,,,,,,,,,,,,,,FL,,,,,,,,,,,,
Strigidae,Animalia,Chordata,Aves,T,,,,,,,,,,,,,,,,,,,,,,,,,,,,,,,,,,,,,,,,,,,,,,,,,,,,,,,,,,,,,,,,,,,,,,,,,,,,?F,F2,1,1,1,1,1,1,1,1,1
Steatornithidae,Animalia,Chordata,Aves,T,,,,,,,,,,,,,,,,,,,,,,,,,,,,,,,,,,,,,,,,,,,,,,,,,,,,,,,,,,,,,,,,,,,,,,,,,,,F1,1,1,1,1,1,1,1,1,1,1,1
Aegothelidae,Animalia,Chordata,Aves,T,,,,,,,,,,,,,,,,,,,,,,,,,,,,,,,,,,,,,,,,,,,,,,,,,,,,,,,,,,,,,,,,,,,,,,,,,,,,,?F,?,?,F2,1,1,1,1,1,1
Podargidae,Animalia,Chordata,Aves,T,,,,,,,,,,,,,,,,,,,,,,,,,,,,,,,,,,,,,,,,,,,,,,,,,,,,,,,,,,,,,,,,,,,,,,,,,,,,?F,F2,1,1,1,1,1,1,1,1,1
Caprimulgidae,Animalia,Chordata,Aves,T,,,,,,,,,,,,,,,,,,,,,,,,,,,,,,,,,,,,,,,,,,,,,,,,,,,,,,,,,,,,,,,,,,,,,,,,,,,,?F,F2,1,1,1,1,1,1,1,1,1
Nyctibiidae,Animalia,Chordata,Aves,T,,,,,,,,,,,,,,,,,,,,,,,,,,,,,,,,,,,,,,,,,,,,,,,,,,,,,,,,,,,,,,,,,,,,,,,,,,,,,?F,?,?,F2,1,1,1,1,1,1
Jungornithidae,Animalia,Chordata,Aves,T,,,,,,,,,,,,,,,,,,,,,,,,,,,,,,,,,,,,,,,,,,,,,,,,,,,,,,,,,,,,,,,,,,,,,,,,,,,,,,?F,F2,1,1,1,1,1,1,1
Apodidae,Animalia,Chordata,Aves,T,,,,,,,,,,,,,,,,,,,,,,,,,,,,,,,,,,,,,,,,,,,,,,,,,,,,,,,,,,,,,,,,,,,,,,,,,,,,?F,F2,1,1,1,1,1,1,1,1,1
Aegialornithidae,Animalia,Chordata,Aves,T,,,,,,,,,,,,,,,,,,,,,,,,,,,,,,,,,,,,,,,,,,,,,,,,,,,,,,,,,,,,,,,,,,,,,,,,,,,?F,?,?,F2,1,1,1,1,1,1,1,1
Hemiprocnidae,Animalia,Chordata,Aves,T,,,,,,,,,,,,,,,,,,,,,,,,,,,,,,,,,,,,,,,,,,,,,,,,,,,,,,,,,,,,,,,,,,,,,,,,,,,F1,1,1,1,1,1,1,1,1,1,1,1
Trochilidae,Animalia,Chordata,Aves,T,,,,,,,,,,,,,,,,,,,,,,,,,,,,,,,,,,,,,,,,,,,,,,,,,,,,,,,,,,,,,,,,,,,,,,,,,,,,,,,,,,,,,F1,1
Sandcoleidae,Animalia,Chordata,Aves,T,,,,,,,,,,,,,,,,,,,,,,,,,,,,,,,,,,,,,,,,,,,,,,,,,,,,,,,,,,,,,,,,,,,,,,,,,,,F1,L1,,,,,,,,,,
Coliidae,Animalia,Chordata,Aves,T,,,,,,,,,,,,,,,,,,,,,,,,,,,,,,,,,,,,,,,,,,,,,,,,,,,,,,,,,,,,,,,,,,,,,,,,,,,,,F1,1,1,1,1,1,1,1,1,1
Archaeotrogonidae,Animalia,Chordata,Aves,T,,,,,,,,,,,,,,,,,,,,,,,,,,,,,,,,,,,,,,,,,,,,,,,,,,,,,,,,,,,,,,,,,,,,,,,,,,,,,,F1,1,L1,,,,,,
Trogonidae,Animalia,Chordata,Aves,T,,,,,,,,,,,,,,,,,,,,,,,,,,,,,,,,,,,,,,,,,,,,,,,,,,,,,,,,,,,,,,,,,,,,,,,,,,,,,,,F1,1,1,1,1,1,1,1
Halcyornithidae,Animalia,Chordata,Aves,T,,,,,,,,,,,,,,,,,,,,,,,,,,,,,,,,,,,,,,,,,,,,,,,,,,,,,,,,,,,,,,,,,,,,,,,,,,,FL,,,,,,,,,,,
Halcyonidae,Animalia,Chordata,Aves,T,,,,,,,,,,,,,,,,,,,,,,,,,,,,,,,,,,,,,,,,,,,,,,,,,,,,,,,,,,,,,,,,,,,,,,,,,,,,,?F,?,?,F2,1,1,1,1,1,1
Todidae,Animalia,Chordata,Aves,T,,,,,,,,,,,,,,,,,,,,,,,,,,,,,,,,,,,,,,,,,,,,,,,,,,,,,,,,,,,,,,,,,,,,,,,,,,,,,,?F,F2,1,1,1,1,1,1,1
Sylphornithidae,Animalia,Chordata,Aves,T,,,,,,,,,,,,,,,,,,,,,,,,,,,,,,,,,,,,,,,,,,,,,,,,,,,,,,,,,,,,,,,,,,,,,,,,,,,,F1,L1,,,,,,,,,
Momotidae,Animalia,Chordata,Aves,T,,,,,,,,,,,,,,,,,,,,,,,,,,,,,,,,,,,,,,,,,,,,,,,,,,,,,,,,,,,,,,,,,,,,,,,,,,,,,,,F1,1,1,1,1,1,1,1
Meropidae,Animalia,Chordata,Aves,T,,,,,,,,,,,,,,,,,,,,,,,,,,,,,,,,,,,,,,,,,,,,,,,,,,,,,,,,,,,,,,,,,,,,,,,,,,,,,?F,?,?,F2,1,1,1,1,1,1
Coraciidae,Animalia,Chordata,Aves,T,,,,,,,,,,,,,,,,,,,,,,,,,,,,,,,,,,,,,,,,,,,,,,,,,,,,,,,,,,,,,,,,,,,,,,,,,,,,F1,1,1,1,1,1,1,1,1,1,1
Primobucconidae,Animalia,Chordata,Aves,T,,,,,,,,,,,,,,,,,,,,,,,,,,,,,,,,,,,,,,,,,,,,,,,,,,,,,,,,,,,,,,,,,,,,,,,,,,,FL,,,,,,,,,,,
Atelornithidae,Animalia,Chordata,Aves,T,,,,,,,,,,,,,,,,,,,,,,,,,,,,,,,,,,,,,,,,,,,,,,,,,,,,,,,,,,,,,,,,,,,,,,,,,,,,?F,F2,1,1,1,1,1,1,1,1,1
Upupidae,Animalia,Chordata,Aves,T,,,,,,,,,,,,,,,,,,,,,,,,,,,,,,,,,,,,,,,,,,,,,,,,,,,,,,,,,,,,,,,,,,,,,,,,,,,,,?F,?,?,F2,1,1,1,1,1,1
Phoeniculidae,Animalia,Chordata,Aves,T,,,,,,,,,,,,,,,,,,,,,,,,,,,,,,,,,,,,,,,,,,,,,,,,,,,,,,,,,,,,,,,,,,,,,,,,,,,,,,,,,F1,1,1,1,1,1
Bucerotidae,Animalia,Chordata,Aves,T,,,,,,,,,,,,,,,,,,,,,,,,,,,,,,,,,,,,,,,,,,,,,,,,,,,,,,,,,,,,,,,,,,,,,,,,,,,,?F,F2,1,1,1,1,1,1,1,1,1
Primobucco,Animalia,Chordata,Aves,T,,,,,,,,,,,,,,,,,,,,,,,,,,,,,,,,,,,,,,,,,,,,,,,,,,,,,,,,,,,,,,,,,,,,,,,,,,,FL,,,,,,,,,,,
Bucconidae,Animalia,Chordata,Aves,T,,,,,,,,,,,,,,,,,,,,,,,,,,,,,,,,,,,,,,,,,,,,,,,,,,,,,,,,,,,,,,,,,,,,,,,,,,,,,,,,,,,,,F1,L1
Capitonidae,Animalia,Chordata,Aves,T,,,,,,,,,,,,,,,,,,,,,,,,,,,,,,,,,,,,,,,,,,,,,,,,,,,,,,,,,,,,,,,,,,,,,,,,,,,,,,,,,F1,1,1,1,1,1
Indicatoridae,Animalia,Chordata,Aves,T,,,,,,,,,,,,,,,,,,,,,,,,,,,,,,,,,,,,,,,,,,,,,,,,,,,,,,,,,,,,,,,,,,,,,,,,,,,,,,,,,,,,F1,1,1
Ramphastidae,Animalia,Chordata,Aves,T,,,,,,,,,,,,,,,,,,,,,,,,,,,,,,,,,,,,,,,,,,,,,,,,,,,,,,,,,,,,,,,,,,,,,,,,,,,,,,,,,,,,,F1,1
Picidae,Animalia,Chordata,Aves,T,,,,,,,,,,,,,,,,,,,,,,,,,,,,,,,,,,,,,,,,,,,,,,,,,,,,,,,,,,,,,,,,,,,,,,,,,,,,,,,,,,F1,1,1,1,1
Eurylaimidae,Animalia,Chordata,Aves,T,,,,,,,,,,,,,,,,,,,,,,,,,,,,,,,,,,,,,,,,,,,,,,,,,,,,,,,,,,,,,,,,,,,,,,,,,,,,,,,,,F1,1,1,1,1,1
Furnariidae,Animalia,Chordata,Aves,T,,,,,,,,,,,,,,,,,,,,,,,,,,,,,,,,,,,,,,,,,,,,,,,,,,,,,,,,,,,,,,,,,,,,,,,,,,,,,,,,,,,,,F1,1
Thamnophilidae,Animalia,Chordata,Aves,T,,,,,,,,,,,,,,,,,,,,,,,,,,,,,,,,,,,,,,,,,,,,,,,,,,,,,,,,,,,,,,,,,,,,,,,,,,,,,,,,,,,,,F1,1
Scytalopodidae,Animalia,Chordata,Aves,T,,,,,,,,,,,,,,,,,,,,,,,,,,,,,,,,,,,,,,,,,,,,,,,,,,,,,,,,,,,,,,,,,,,,,,,,,,,,,,,,,,,,,F1,1
Tyrannidae,Animalia,Chordata,Aves,T,,,,,,,,,,,,,,,,,,,,,,,,,,,,,,,,,,,,,,,,,,,,,,,,,,,,,,,,,,,,,,,,,,,,,,,,,,,,,,,,,,,,,F1,1
Alaudidae,Animalia,Chordata,Aves,T,,,,,,,,,,,,,,,,,,,,,,,,,,,,,,,,,,,,,,,,,,,,,,,,,,,,,,,,,,,,,,,,,,,,,,,,,,,,,,,,,?F,F2,1,1,1,1
Hirundinidae,Animalia,Chordata,Aves,T,,,,,,,,,,,,,,,,,,,,,,,,,,,,,,,,,,,,,,,,,,,,,,,,,,,,,,,,,,,,,,,,,,,,,,,,,,,,,,,,,,,,F1,1,1
Dicruridae,Animalia,Chordata,Aves,T,,,,,,,,,,,,,,,,,,,,,,,,,,,,,,,,,,,,,,,,,,,,,,,,,,,,,,,,,,,,,,,,,,,,,,,,,,,,,,,,,,,,,F1,1
Menuridae,Animalia,Chordata,Aves,T,,,,,,,,,,,,,,,,,,,,,,,,,,,,,,,,,,,,,,,,,,,,,,,,,,,,,,,,,,,,,,,,,,,,,,,,,,,,,,,,,?F,F2,1,1,1,1
Acanthisittidae,Animalia,Chordata,Aves,T,,,,,,,,,,,,,,,,,,,,,,,,,,,,,,,,,,,,,,,,,,,,,,,,,,,,,,,,,,,,,,,,,,,,,,,,,,,,,,,,,,,,,,FL
Atrichornithidae,Animalia,Chordata,Aves,T,,,,,,,,,,,,,,,,,,,,,,,,,,,,,,,,,,,,,,,,,,,,,,,,,,,,,,,,,,,,,,,,,,,,,,,,,,,,,,,,,,,,,F1,1
Motacillidae,Animalia,Chordata,Aves,T,,,,,,,,,,,,,,,,,,,,,,,,,,,,,,,,,,,,,,,,,,,,,,,,,,,,,,,,,,,,,,,,,,,,,,,,,,,,,,,,,,,,F1,1,1
Pycnonotidae,Animalia,Chordata,Aves,T,,,,,,,,,,,,,,,,,,,,,,,,,,,,,,,,,,,,,,,,,,,,,,,,,,,,,,,,,,,,,,,,,,,,,,,,,,,,,,,,,,,,,F1,1
Laniidae,Animalia,Chordata,Aves,T,,,,,,,,,,,,,,,,,,,,,,,,,,,,,,,,,,,,,,,,,,,,,,,,,,,,,,,,,,,,,,,,,,,,,,,,,,,,,,,,,F1,1,1,1,1,1
Bombycillidae,Animalia,Chordata,Aves,T,,,,,,,,,,,,,,,,,,,,,,,,,,,,,,,,,,,,,,,,,,,,,,,,,,,,,,,,,,,,,,,,,,,,,,,,,,,,,,,,,,,,,F1,1
Palaeoscinidae,Animalia,Chordata,Aves,T,,,,,,,,,,,,,,,,,,,,,,,,,,,,,,,,,,,,,,,,,,,,,,,,,,,,,,,,,,,,,,,,,,,,,,,,,,,,,,,,,,?F,?L,,,
Dulidae,Animalia,Chordata,Aves,T,,,,,,,,,,,,,,,,,,,,,,,,,,,,,,,,,,,,,,,,,,,,,,,,,,,,,,,,,,,,,,,,,,,,,,,,,,,,,,,,,,,,,F1,1
Cinclidae,Animalia,Chordata,Aves,T,,,,,,,,,,,,,,,,,,,,,,,,,,,,,,,,,,,,,,,,,,,,,,,,,,,,,,,,,,,,,,,,,,,,,,,,,,,,,,,,,,,,,F1,1
Troglodytidae,Animalia,Chordata,Aves,T,,,,,,,,,,,,,,,,,,,,,,,,,,,,,,,,,,,,,,,,,,,,,,,,,,,,,,,,,,,,,,,,,,,,,,,,,,,,,,,,,,,,F1,1,1
Prunellidae,Animalia,Chordata,Aves,T,,,,,,,,,,,,,,,,,,,,,,,,,,,,,,,,,,,,,,,,,,,,,,,,,,,,,,,,,,,,,,,,,,,,,,,,,,,,,,,,,,,,F1,1,1
Musicapidae,Animalia,Chordata,Aves,T,,,,,,,,,,,,,,,,,,,,,,,,,,,,,,,,,,,,,,,,,,,,,,,,,,,,,,,,,,,,,,,,,,,,,,,,,,,,,,,,,,,,F1,1,1
Timaliidae,Animalia,Chordata,Aves,T,,,,,,,,,,,,,,,,,,,,,,,,,,,,,,,,,,,,,,,,,,,,,,,,,,,,,,,,,,,,,,,,,,,,,,,,,,,,,,,,,,,,F1,1,1
Sylviidae,Animalia,Chordata,Aves,T,,,,,,,,,,,,,,,,,,,,,,,,,,,,,,,,,,,,,,,,,,,,,,,,,,,,,,,,,,,,,,,,,,,,,,,,,,,,,,,,,,,?F,F2,1,1
Paridae,Animalia,Chordata,Aves,T,,,,,,,,,,,,,,,,,,,,,,,,,,,,,,,,,,,,,,,,,,,,,,,,,,,,,,,,,,,,,,,,,,,,,,,,,,,,,,,,,,,,F1,1,1
Sittidae,Animalia,Chordata,Aves,T,,,,,,,,,,,,,,,,,,,,,,,,,,,,,,,,,,,,,,,,,,,,,,,,,,,,,,,,,,,,,,,,,,,,,,,,,,,,,,,,,,?F,F2,1,1,1
Nectariniidae,Animalia,Chordata,Aves,T,,,,,,,,,,,,,,,,,,,,,,,,,,,,,,,,,,,,,,,,,,,,,,,,,,,,,,,,,,,,,,,,,,,,,,,,,,,,,,,,,,,,,F1,1
Meliphagidae,Animalia,Chordata,Aves,T,,,,,,,,,,,,,,,,,,,,,,,,,,,,,,,,,,,,,,,,,,,,,,,,,,,,,,,,,,,,,,,,,,,,,,,,,,,,,,,,,,,,,F1,1
Emberizidae,Animalia,Chordata,Aves,T,,,,,,,,,,,,,,,,,,,,,,,,,,,,,,,,,,,,,,,,,,,,,,,,,,,,,,,,,,,,,,,,,,,,,,,,,,,,,,,,,,,F1,1,1,1
Tanagridae,Animalia,Chordata,Aves,T,,,,,,,,,,,,,,,,,,,,,,,,,,,,,,,,,,,,,,,,,,,,,,,,,,,,,,,,,,,,,,,,,,,,,,,,,,,,,,,,,,,,,F1,1
Coerebidae,Animalia,Chordata,Aves,T,,,,,,,,,,,,,,,,,,,,,,,,,,,,,,,,,,,,,,,,,,,,,,,,,,,,,,,,,,,,,,,,,,,,,,,,,,,,,,,,,,,,,F1,1
Vireonidae,Animalia,Chordata,Aves,T,,,,,,,,,,,,,,,,,,,,,,,,,,,,,,,,,,,,,,,,,,,,,,,,,,,,,,,,,,,,,,,,,,,,,,,,,,,,,,,,,,,,,F1,1
Icteridae,Animalia,Chordata,Aves,T,,,,,,,,,,,,,,,,,,,,,,,,,,,,,,,,,,,,,,,,,,,,,,,,,,,,,,,,,,,,,,,,,,,,,,,,,,,,,,,,,,,,F1,1,1
Passeridae,Animalia,Chordata,Aves,T,,,,,,,,,,,,,,,,,,,,,,,,,,,,,,,,,,,,,,,,,,,,,,,,,,,,,,,,,,,,,,,,,,,,,,,,,,,,,,,,,,,,,F1,1
Sturnidae,Animalia,Chordata,Aves,T,,,,,,,,,,,,,,,,,,,,,,,,,,,,,,,,,,,,,,,,,,,,,,,,,,,,,,,,,,,,,,,,,,,,,,,,,,,,,,,,,,,,F1,1,1
Oriolidae,Animalia,Chordata,Aves,T,,,,,,,,,,,,,,,,,,,,,,,,,,,,,,,,,,,,,,,,,,,,,,,,,,,,,,,,,,,,,,,,,,,,,,,,,,,,,,,,,,,,,F1,1
Callaeatidae,Animalia,Chordata,Aves,T,,,,,,,,,,,,,,,,,,,,,,,,,,,,,,,,,,,,,,,,,,,,,,,,,,,,,,,,,,,,,,,,,,,,,,,,,,,,,,,,,,,,,F1,1
Ptilonorhynchidae,Animalia,Chordata,Aves,T,,,,,,,,,,,,,,,,,,,,,,,,,,,,,,,,,,,,,,,,,,,,,,,,,,,,,,,,,,,,,,,,,,,,,,,,,,,,,,,,,,,,,F1,1
Corvidae,Animalia,Chordata,Aves,T,,,,,,,,,,,,,,,,,,,,,,,,,,,,,,,,,,,,,,,,,,,,,,,,,,,,,,,,,,,,,,,,,,,,,,,,,,,,,,,,,,?F,F2,1,1,1
Cimolopterygidae,Animalia,Chordata,Aves,T,,,,,,,,,,,,,,,,,,,,,,,,,,,,,,,,,,,,,,,,,,,,,,,,,,,,,,,,,,,,,,,,,,,,,,,,FL,,,,,,,,,,,,,,
Cladornithidae,Animalia,Chordata,Aves,ST,,,,,,,,,,,,,,,,,,,,,,,,,,,,,,,,,,,,,,,,,,,,,,,,,,,,,,,,,,,,,,,,,,,,,,,,,,,,,,,FL,,,,,,,
Daktornithidae,Animalia,Chordata,Aves,T,,,,,,,,,,,,,,,,,,,,,,,,,,,,,,,,,,,,,,,,,,,,,,,,,,,,,,,,,,,,,,,,,,,,,,,,,,FL,,,,,,,,,,,,
Dromornithidae,Animalia,Chordata,Aves,T,,,,,,,,,,,,,,,,,,,,,,,,,,,,,,,,,,,,,,,,,,,,,,,,,,,,,,,,,,,,,,,,,,,,,,,,,,,,,,,,,F1,1,1,1,L1,
Gansuidae,Animalia,Chordata,Aves,T,,,,,,,,,,,,,,,,,,,,,,,,,,,,,,,,,,,,,,,,,,,,,,,,,,,,,,,,,,,,,?F,?,?,?,?,?L,,,,,,,,,,,,,,,,,,,,
Limnorthidae',Animalia,Chordata,Aves,T,,,,,,,,,,,,,,,,,,,,,,,,,,,,,,,,,,,,,,,,,,,,,,,,,,,,,,,,,,,,,FL,,,,,,,,,,,,,,,,,,,,,,,,,
Lonchodytidae,Animalia,Chordata,Aves,T,,,,,,,,,,,,,,,,,,,,,,,,,,,,,,,,,,,,,,,,,,,,,,,,,,,,,,,,,,,,,,,,,,,,,,,,FL,,,,,,,,,,,,,,
Marinavidae,Animalia,Chordata,Aves,SM,,,,,,,,,,,,,,,,,,,,,,,,,,,,,,,,,,,,,,,,,,,,,,,,,,,,,,,,,,,,,,,,,,,,,,,,,,,FL,,,,,,,,,,,
Onychopterygidae,Animalia,Chordata,Aves,T,,,,,,,,,,,,,,,,,,,,,,,,,,,,,,,,,,,,,,,,,,,,,,,,,,,,,,,,,,,,,,,,,,,,,,,,,,,FL,,,,,,,,,,,
Palaeospizidae,Animalia,Chordata,Aves,T,,,,,,,,,,,,,,,,,,,,,,,,,,,,,,,,,,,,,,,,,,,,,,,,,,,,,,,,,,,,,,,,,,,,,,,,,,,,,,,,,,,F1,1,1,1
Primoscenidae,Animalia,Chordata,Aves,T,,,,,,,,,,,,,,,,,,,,,,,,,,,,,,,,,,,,,,,,,,,,,,,,,,,,,,,,,,,,,,,,,,,,,,,,,,,F1,L1,,,,,,,,,,
Protoavidae,Animalia,Chordata,Aves,T,,,,,,,,,,,,,,,,,,,,,,,,,,,,,,,,,,,,,,,,,,,,,,,,FL,,,,,,,,,,,,,,,,,,,,,,,,,,,,,,,,,,,,,,
Scaniornithidae,Animalia,Chordata,Aves,M,,,,,,,,,,,,,,,,,,,,,,,,,,,,,,,,,,,,,,,,,,,,,,,,,,,,,,,,,,,,,,,,,,,,,,,,,FL,,,,,,,,,,,,,
Torotigidae,Animalia,Chordata,Aves,ST,,,,,,,,,,,,,,,,,,,,,,,,,,,,,,,,,,,,,,,,,,,,,,,,,,,,,,,,,,,,,,,,,,,,,,,F1,L1,,,,,,,,,,,,,,
Zygodactylidae,Animalia,Chordata,Aves,M,,,,,,,,,,,,,,,,,,,,,,,,,,,,,,,,,,,,,,,,,,,,,,,,,,,,,,,,,,,,,,,,,,,,,,,,,,,,,,,,,F1,1,L1,,,
Wyleyia,Animalia,Chordata,Aves,M,,,,,,,,,,,,,,,,,,,,,,,,,,,,,,,,,,,,,,,,,,,,,,,,,,,,,,,,,,,,,,,,FL,,,,,,,,,,,,,,,,,,,,,,
Asiavis,Animalia,Chordata,Aves,M,,,,,,,,,,,,,,,,,,,,,,,,,,,,,,,,,,,,,,,,,,,,,,,,,,,,,,,,,,,,,,,,,,,,,,,,,,,,,FL,,,,,,,,,
Judinornis,Animalia,Chordata,Aves,M,,,,,,,,,,,,,,,,,,,,,,,,,,,,,,,,,,,,,,,,,,,,,,,,,,,,,,,,,,,,,,,,,,,,,,,?F,?L,,,,,,,,,,,,,,
Sinornis,Animalia,Chordata,Aves,M,,,,,,,,,,,,,,,,,,,,,,,,,,,,,,,,,,,,,,,,,,,,,,,,,,,,,,,,,,,,,,FL,,,,,,,,,,,,,,,,,,,,,,,,