Acanthaceae,Plantae,Magnoliophyta,,T,,,,,,,,,,,,,,,,,,,,,,,,,,,,,,,,,,,,,,,,,,,,,,,,,,,,,,,,,,,,,,,,,,,,,,,,,,,,,,,,,,,,,,,NFR
Aceraceae,Plantae,Magnoliophyta,leaf,T,,,,,,,,,,,,,,,,,,,,,,,,,,,,,,,,,,,,,,,,,,,,,,,,,,,,,,,,,,,,,,,,,,,,,,,,F1,1,1,1,1,1,1,1,1,1,1,1,1,1,1,
Actinidaceae,Plantae,Magnoliophyta,wood,T,,,,,,,,,,,,,,,,,,,,,,,,,,,,,,,,,,,,,,,,,,,,,,,,,,,,,,,,,,,,,,,,,,,,,,,,,,,,,,,,,,,,F1,1,1,
Agavaceae,Plantae,Magnoliophyta,leaf,T,,,,,,,,,,,,,,,,,,,,,,,,,,,,,,,,,,,,,,,,,,,,,,,,,,,,,,,,,,,,,,,,,,,,,,,,,?F,?,?,?,?,?,?,?,?,?,?,?,F2,1,
Akaniaceae,Plantae,Magnoliophyta,,T,,,,,,,,,,,,,,,,,,,,,,,,,,,,,,,,,,,,,,,,,,,,,,,,,,,,,,,,,,,,,,,,,,,,,,,,,,,,,,,,,,,,,,,NFR
Alangiaceae,Plantae,Magnoliophyta,wood,T,,,,,,,,,,,,,,,,,,,,,,,,,,,,,,,,,,,,,,,,,,,,,,,,,,,,,,,,,,,,,,,,,,,,,,,,,,,F1,1,1,1,1,1,1,1,1,1,1,1,
Alismataceae,Plantae,Magnoliophyta,? leaf,T,,,,,,,,,,,,,,,,,,,,,,,,,,,,,,,,,,,,,,,,,,,,,,,,,,,,,,,,,,,,,?F,?,?,?,?,F2,1,1,1,1,1,1,1,1,1,1,1,1,1,1,1,1,1,1,1,1,
Amaranthaceae,Plantae,Magnoliophyta,,T,,,,,,,,,,,,,,,,,,,,,,,,,,,,,,,,,,,,,,,,,,,,,,,,,,,,,,,,,,,,,,,,,,,,,,,,,,,,,,,,,,,,,,,NFR
Anacardiaceae,Plantae,Magnoliophyta,wood,T,,,,,,,,,,,,,,,,,,,,,,,,,,,,,,,,,,,,,,,,,,,,,,,,,,,,,,,,,,,,,,,,,,,,,,,,,,,F1,1,1,1,1,1,1,1,1,1,1,1,
Annonaceae,Plantae,Magnoliophyta,fruit,T,,,,,,,,,,,,,,,,,,,,,,,,,,,,,,,,,,,,,,,,,,,,,,,,,,,,,,,,,,,,,,,,,,,,,,,,,,,F1,1,1,1,1,1,1,1,1,1,1,1,
Apiaceae,Plantae,Magnoliophyta,fruit,T,,,,,,,,,,,,,,,,,,,,,,,,,,,,,,,,,,,,,,,,,,,,,,,,,,,,,,,,,,,,,,,,,,,,,,,,,,,,,,,,,F1,1,1,1,1,1,
Apocynaceae,Plantae,Magnoliophyta,wood,T,,,,,,,,,,,,,,,,,,,,,,,,,,,,,,,,,,,,,,,,,,,,,,,,,,,,,,,,,,,,,,,,,,,,,,,,,,,F1,1,1,1,1,1,1,1,1,1,1,1,
Aponogetonaceae,Plantae,Magnoliophyta,,T,,,,,,,,,,,,,,,,,,,,,,,,,,,,,,,,,,,,,,,,,,,,,,,,,,,,,,,,,,,,,,,,,,,,,,,,,,,,,,,,,,,,,,,NFR
Aquifoliaceae,Plantae,Magnoliophyta,wood,T,,,,,,,,,,,,,,,,,,,,,,,,,,,,,,,,,,,,,,,,,,,,,,,,,,,,,,,,,,,,,,,,,,,,,,,,,,,,,,,,,?F,?,F2,1,1,1,
Araceae,Plantae,Magnoliophyta,leaf,T,,,,,,,,,,,,,,,,,,,,,,,,,,,,,,,,,,,,,,,,,,,,,,,,,,,,,,,,,,,,,,,,,,,,,?F,?,?,F2,1,1,1,1,1,1,1,1,1,1,1,1,1,1,
Araliaceae,Plantae,Magnoliophyta,leaf,T,,,,,,,,,,,,,,,,,,,,,,,,,,,,,,,,,,,,,,,,,,,,,,,,,,,,,,,,,,,,,,,,,,,?F,?,?,?,?,F2,1,1,1,1,1,1,1,1,1,1,1,1,1,1,
Arecaceae,Plantae,Magnoliophyta,leaf,T,,,,,,,,,,,,,,,,,,,,,,,,,,,,,,,,,,,,,,,,,,,,,,,,,,,,,,,,,,,,,,,,,,,,,,F1,1,1,1,1,1,1,1,1,1,1,1,1,1,1,1,1,
Aristolochiaceae,Plantae,Magnoliophyta,wood,T,,,,,,,,,,,,,,,,,,,,,,,,,,,,,,,,,,,,,,,,,,,,,,,,,,,,,,,,,,,,,,,,,,,,,,,,,,,,?F,F2,1,1,1,1,1,1,1,1,1,
Asclepiadaceae,Plantae,Magnoliophyta,leaf,T,,,,,,,,,,,,,,,,,,,,,,,,,,,,,,,,,,,,,,,,,,,,,,,,,,,,,,,,,,,,,,,,,,,,,,,,,,,?F,?,?,F2,1,1,1,1,1,1,1,1,
Asteraceae,Plantae,Magnoliophyta,leaf,T,,,,,,,,,,,,,,,,,,,,,,,,,,,,,,,,,,,,,,,,,,,,,,,,,,,,,,,,,,,,,,,,,,,,,,,,,,,?F,?,?,F2,1,1,1,1,1,1,1,1,
Balanophoraceae,Plantae,Magnoliophyta,,T,,,,,,,,,,,,,,,,,,,,,,,,,,,,,,,,,,,,,,,,,,,,,,,,,,,,,,,,,,,,,,,,,,,,,,,,,,,,,,,,,,,,,,,NFR
Berberidaceae,Plantae,Magnoliophyta,leaf,T,,,,,,,,,,,,,,,,,,,,,,,,,,,,,,,,,,,,,,,,,,,,,,,,,,,,,,,,,,,,,?F,?,?,?,?,?,?,?,?,?,?,F2,1,1,1,1,1,1,1,1,1,1,1,1,1,1,
Betulaceae,Plantae,Magnoliophyta,stem,T,,,,,,,,,,,,,,,,,,,,,,,,,,,,,,,,,,,,,,,,,,,,,,,,,,,,,,,,,,,,,,,,,,,,,,,,,,,,,,,?F,F2,1,1,1,1,1,1,
Bignoniaceae,Plantae,Magnoliophyta,?,T,,,,,,,,,,,,,,,,,,,,,,,,,,,,,,,,,,,,,,,,,,,,,,,,,,,,,,,,,,,,,,,,,,,,,,,,,,,F1,1,1,1,1,1,1,1,1,1,1,1,
Bixaceae,Plantae,Magnoliophyta,leaf,T,,,,,,,,,,,,,,,,,,,,,,,,,,,,,,,,,,,,,,,,,,,,,,,,,,,,,,,,,,,,,,,,,,,,,,,,,,,?F,?,?,F2,1,1,1,1,1,1,1,1,
Bombacaceae,Plantae,Magnoliophyta,leaf,T,,,,,,,,,,,,,,,,,,,,,,,,,,,,,,,,,,,,,,,,,,,,,,,,,,,,,,,,,,,,,,,,,,,,,,,,,,,F1,1,1,1,1,1,1,1,1,1,1,1,
Boraginaceae,Plantae,Magnoliophyta,fruit,T,,,,,,,,,,,,,,,,,,,,,,,,,,,,,,,,,,,,,,,,,,,,,,,,,,,,,,,,,,,,,,,,,,,,,,,,,,,F1,1,1,1,1,1,1,1,1,1,1,1,
Brassicaceae,Plantae,Magnoliophyta,fruit,T,,,,,,,,,,,,,,,,,,,,,,,,,,,,,,,,,,,,,,,,,,,,,,,,,,,,,,,,,,,,,,,,,,,,,,,,,,,?F,?,?,F2,1,1,1,1,1,1,1,1,
Bromeliaceae,Plantae,Magnoliophyta,stem,T,,,,,,,,,,,,,,,,,,,,,,,,,,,,,,,,,,,,,,,,,,,,,,,,,,,,,,,,,,,,,,,,,,,,,,,,,,,?F,?,?,F2,1,1,1,1,1,1,1,1,
Brunelliaceae,Plantae,Magnoliophyta,,T,,,,,,,,,,,,,,,,,,,,,,,,,,,,,,,,,,,,,,,,,,,,,,,,,,,,,,,,,,,,,,,,,,,,,,,,,,,,,,,,,,,,,,,NFR
Burmanniaceae,Plantae,Magnoliophyta,,T,,,,,,,,,,,,,,,,,,,,,,,,,,,,,,,,,,,,,,,,,,,,,,,,,,,,,,,,,,,,,,,,,,,,,,,,,,,,,,,,,,,,,,,NFR
Burseraceae,Plantae,Magnoliophyta,fruit,T,,,,,,,,,,,,,,,,,,,,,,,,,,,,,,,,,,,,,,,,,,,,,,,,,,,,,,,,,,,,,,,,,,,,,,,,,,,F1,1,1,1,1,1,1,1,1,1,1,1,
Butomaceae,Plantae,Magnoliophyta,leaf,T,,,,,,,,,,,,,,,,,,,,,,,,,,,,,,,,,,,,,,,,,,,,,,,,,,,,,,,,,,,,,,,,,,,?F,?,?,?,?,F2,1,1,1,1,1,1,1,1,1,1,1,1,1,1,
Buxaceae,Plantae,Magnoliophyta,,T,,,,,,,,,,,,,,,,,,,,,,,,,,,,,,,,,,,,,,,,,,,,,,,,,,,,,,,,,,,,,,,,,,,,,,,,,,,,,,,,,,,,,,,NFR
Cabombaceae,Plantae,Magnoliophyta,seed,T,,,,,,,,,,,,,,,,,,,,,,,,,,,,,,,,,,,,,,,,,,,,,,,,,,,,,,,,,,,,,,,,,,,,,,,,,,,,,,F2,?F,F2,1,1,1,1,1,1,
Cactaceae,Plantae,Magnoliophyta,?,T,,,,,,,,,,,,,,,,,,,,,,,,,,,,,,,,,,,,,,,,,,,,,,,,,,,,,,,,,,,,,,,,,,,,,,,,,,,,?F,F2,1,1,1,1,1,1,1,1,1,
Caesalpiniaceae,Plantae,Magnoliophyta,?,T,,,,,,,,,,,,,,,,,,,,,,,,,,,,,,,,,,,,,,,,,,,,,,,,,,,,,,,,,,,,,,,,,,,,,,,,,,,,,,,?F,F2,1,1,1,1,1,1,
Callitrichaceae,Plantae,Magnoliophyta,,T,,,,,,,,,,,,,,,,,,,,,,,,,,,,,,,,,,,,,,,,,,,,,,,,,,,,,,,,,,,,,,,,,,,,,,,,,,,,,,,,,,,,,,,NFR
Calycanthaceae,Plantae,Magnoliophyta,,T,,,,,,,,,,,,,,,,,,,,,,,,,,,,,,,,,,,,,,,,,,,,,,,,,,,,,,,,,,,,,,,,,,,,,,,,,,,,,,,,,,,,,,,NFR
Campanulaceae,Plantae,Magnoliophyta,,T,,,,,,,,,,,,,,,,,,,,,,,,,,,,,,,,,,,,,,,,,,,,,,,,,,,,,,,,,,,,,,,,,,,,,,,,,,,,,,,,,,,,,,,NFR
Canellaceae,Plantae,Magnoliophyta,,T,,,,,,,,,,,,,,,,,,,,,,,,,,,,,,,,,,,,,,,,,,,,,,,,,,,,,,,,,,,,,,,,,,,,,,,,,,,,,,,,,,,,,,,NFR
Cannabaceae,Plantae,Magnoliophyta,,T,,,,,,,,,,,,,,,,,,,,,,,,,,,,,,,,,,,,,,,,,,,,,,,,,,,,,,,,,,,,,,,,,,,,,,,,,,,,,,,,,,,,,,,NFR
Cannaceae,Plantae,Magnoliophyta,root,T,,,,,,,,,,,,,,,,,,,,,,,,,,,,,,,,,,,,,,,,,,,,,,,,,,,,,,,,,,,,,,,,,,,,,,,,,,,?F,?,?,F2,1,1,1,1,1,1,1,1,
Capparaceae,Plantae,Magnoliophyta,leaf,T,,,,,,,,,,,,,,,,,,,,,,,,,,,,,,,,,,,,,,,,,,,,,,,,,,,,,,,,,,,,,,,,,,,?F,?,?,?,?,F2,1,1,1,1,1,1,1,1,1,1,1,1,1,1,
Caprifoliaceae,Plantae,Magnoliophyta,,T,,,,,,,,,,,,,,,,,,,,,,,,,,,,,,,,,,,,,,,,,,,,,,,,,,,,,,,,,,,,,,,,,,,,,,,,,,,,,,,,,,,,,,,NFR
Caryocaraceae,Plantae,Magnoliophyta,,T,,,,,,,,,,,,,,,,,,,,,,,,,,,,,,,,,,,,,,,,,,,,,,,,,,,,,,,,,,,,,,,,,,,,,,,,,,,,,,,,,,,,,,,NFR
Caryophyllaceae,Plantae,Magnoliophyta,seed,T,,,,,,,,,,,,,,,,,,,,,,,,,,,,,,,,,,,,,,,,,,,,,,,,,,,,,,,,,,,,,,,,,,,,,,,,,,,,,F1,1,1,1,1,1,1,1,1,1,
Casuarinaceae,Plantae,Magnoliophyta,wood,T,,,,,,,,,,,,,,,,,,,,,,,,,,,,,,,,,,,,,,,,,,,,,,,?F,?,F2,1,1,1,1,1,1,1,1,1,1,1,1,1,1,1,1,1,1,1,1,1,1,1,1,1,1,1,1,1,1,1,1,1,1,1,1,1,
Celastraceae,Plantae,Magnoliophyta,leaf,T,,,,,,,,,,,,,,,,,,,,,,,,,,,,,,,,,,,,,,,,,,,,,,,,,,,,,,,,,,,,,?F,?,?,?,?,?,?,?,?,?,?,F2,1,1,1,1,1,1,1,1,1,1,1,1,1,1,
Centrolepidaceae,Plantae,Magnoliophyta,?,T,,,,,,,,,,,,,,,,,,,,,,,,,,,,,,,,,,,,,,,,,,,,,,,,,,,,,,,,,,,,,,,,,,,,,,,,,?F,?,?,?,?,?,?,?,?,?,?,?,F2,1,
Ceratophyllaceae,Plantae,Magnoliophyta,,T,,,,,,,,,,,,,,,,,,,,,,,,,,,,,,,,,,,,,,,,,,,,,,,,,,,,,,,,,,,,,,,,,,,,,,,,,,,,,,,,,,,,,,,NFR
Cercidiphyllaceae,Plantae,Magnoliophyta,wood,T,,,,,,,,,,,,,,,,,,,,,,,,,,,,,,,,,,,,,,,,,,,,,,,,,,,,,,,,,,,,,,,,,,,,,,,,,,,,,,,?F,F2,1,1,1,1,1,1,
Chenopodiaceae,Plantae,Magnoliophyta,?,T,,,,,,,,,,,,,,,,,,,,,,,,,,,,,,,,,,,,,,,,,,,,,,,,,,,,,,,,,,,,,,,,,,,,,,,,,,,,,,,?F,F2,1,1,1,1,1,1,
Chloranthaceae,Plantae,Magnoliophyta,,T,,,,,,,,,,,,,,,,,,,,,,,,,,,,,,,,,,,,,,,,,,,,,,,,,,,,,,,,,,,,,,,,,,,,,,,,,,,,,,,,,,,,,,,NFR
Chrysobalanaceae,Plantae,Magnoliophyta,,T,,,,,,,,,,,,,,,,,,,,,,,,,,,,,,,,,,,,,,,,,,,,,,,,,,,,,,,,,,,,,,,,,,,,,,,,,,,,,,,,,,,,,,,NFR
Cistaceae,Plantae,Magnoliophyta,fruit,T,,,,,,,,,,,,,,,,,,,,,,,,,,,,,,,,,,,,,,,,,,,,,,,,,,,,,,,,,,,,,,,,,,,,,,,,,?F,?,?,?,?,?,?,F2,1,1,1,1,1,1,
Clethraceae,Plantae,Magnoliophyta,fruit,T,,,,,,,,,,,,,,,,,,,,,,,,,,,,,,,,,,,,,,,,,,,,,,,,,,,,,,,,,,,,,,,,,,,,,,,,,?F,?,?,?,?,?,?,?,?,?,?,?,F2,1,
Clusiaceae,Plantae,Magnoliophyta,seed,T,,,,,,,,,,,,,,,,,,,,,,,,,,,,,,,,,,,,,,,,,,,,,,,,,,,,,,,,,,,,,,,,,,,F1,1,1,1,1,1,1,1,1,1,1,1,1,1,1,1,1,1,1,1,
Combretaceae,Plantae,Magnoliophyta,leaf,T,,,,,,,,,,,,,,,,,,,,,,,,,,,,,,,,,,,,,,,,,,,,,,,,,,,,,,,,,,,,,,,,,,,,,?F,?,?,F2,1,1,1,1,1,1,1,1,1,1,1,1,1,1,
Commelinaceae,Plantae,Magnoliophyta,flower,T,,,,,,,,,,,,,,,,,,,,,,,,,,,,,,,,,,,,,,,,,,,,,,,,,,,,,,,,,,,,,,,,,,,,,,,,,?F,?,?,?,?,?,?,?,?,?,?,?,F2,1,
Connaraceae,Plantae,Magnoliophyta,inflorescence,T,,,,,,,,,,,,,,,,,,,,,,,,,,,,,,,,,,,,,,,,,,,,,,,,,,,,,,,,,,,,,,,,,,,,,,,,,?F,?,?,?,?,?,?,F2,1,1,1,1,1,1,
Convolvulaceae,Plantae,Magnoliophyta,leaf,T,,,,,,,,,,,,,,,,,,,,,,,,,,,,,,,,,,,,,,,,,,,,,,,,,,,,,,,,,,,,,,,,,,,,,,,,,,,,,,,,,,F1,1,1,1,1,
Coriariaceae,Plantae,Magnoliophyta,,T,,,,,,,,,,,,,,,,,,,,,,,,,,,,,,,,,,,,,,,,,,,,,,,,,,,,,,,,,,,,,,,,,,,,,,,,,,,,,,,,,,,,,,,NFR
Cornaceae,Plantae,Magnoliophyta,wood,T,,,,,,,,,,,,,,,,,,,,,,,,,,,,,,,,,,,,,,,,,,,,,,,,,,,,,,,,,,,,,,,,,,,,,?F,F2,1,1,1,1,1,1,1,1,1,1,1,1,1,1,1,1,
Crassulaceae,Plantae,Magnoliophyta,,T,,,,,,,,,,,,,,,,,,,,,,,,,,,,,,,,,,,,,,,,,,,,,,,,,,,,,,,,,,,,,,,,,,,,,,,,,,,,,,,,,,,,,,,NFR
Crypteroniaceae,Plantae,Magnoliophyta,,T,,,,,,,,,,,,,,,,,,,,,,,,,,,,,,,,,,,,,,,,,,,,,,,,,,,,,,,,,,,,,,,,,,,,,,,,,,,,,,,,,,,,,,,NFR
Cucurbitaceae,Plantae,Magnoliophyta,fruit,T,,,,,,,,,,,,,,,,,,,,,,,,,,,,,,,,,,,,,,,,,,,,,,,,,,,,,,,,,,,,,,,,,,,,,,,,,,,?F,?,?,F2,1,1,1,1,1,1,1,1,
Cunoniaceae,Plantae,Magnoliophyta,wood,T,,,,,,,,,,,,,,,,,,,,,,,,,,,,,,,,,,,,,,,,,,,,,,,,,,,,,,,,,,,,,,,,,,,,,,,,,,,,,,,,F1,1,1,1,1,1,1,
Cyclanthaceae,Plantae,Magnoliophyta,stem,T,,,,,,,,,,,,,,,,,,,,,,,,,,,,,,,,,,,,,,,,,,,,,,,,,,,,,,,,,,,,,,,,,,,,,,,,,,,?F,?,?,F2,1,1,1,1,1,1,1,1,
Cymodoceacea,Plantae,Magnoliophyta,,T,,,,,,,,,,,,,,,,,,,,,,,,,,,,,,,,,,,,,,,,,,,,,,,,,,,,,,,,,,,,,,,,,,,,,,,,,,,,,,,,,,,,,,,NFR
Cyperaceae,Plantae,Magnoliophyta,leaf,T,,,,,,,,,,,,,,,,,,,,,,,,,,,,,,,,,,,,,,,,,,,,,,,,,,,,,,,,,,,,,?F,?,?,?,?,F2,1,1,1,1,1,1,1,1,1,1,1,1,1,1,1,1,1,1,1,1,
Cyrillaceae,Plantae,Magnoliophyta,wood,T,,,,,,,,,,,,,,,,,,,,,,,,,,,,,,,,,,,,,,,,,,,,,,,,,,,,,,,,,,,,,,,,,,,,,,,,,,,,,,,,,?F,?,F2,1,1,1,
Daphniphyllaceae,Plantae,Magnoliophyta,,T,,,,,,,,,,,,,,,,,,,,,,,,,,,,,,,,,,,,,,,,,,,,,,,,,,,,,,,,,,,,,,,,,,,,,,,,,,,,,,,,,,,,,,,NFR
Datiscaceae,Plantae,Magnoliophyta,wood,T,,,,,,,,,,,,,,,,,,,,,,,,,,,,,,,,,,,,,,,,,,,,,,,,,,,,,,,,,,,,,,,,,,,,,,,,,,,F1,1,1,1,1,1,1,1,1,1,1,1,
Diapensiaceae,Plantae,Magnoliophyta,,T,,,,,,,,,,,,,,,,,,,,,,,,,,,,,,,,,,,,,,,,,,,,,,,,,,,,,,,,,,,,,,,,,,,,,,,,,,,,,,,,,,,,,,,NFR
Dichaptelaceae,Plantae,Magnoliophyta,,T,,,,,,,,,,,,,,,,,,,,,,,,,,,,,,,,,,,,,,,,,,,,,,,,,,,,,,,,,,,,,,,,,,,,,,,,,,,,,,,,,,,,,,,NFR
Didymelaceae,Plantae,Magnoliophyta,,T,,,,,,,,,,,,,,,,,,,,,,,,,,,,,,,,,,,,,,,,,,,,,,,,,,,,,,,,,,,,,,,,,,,,,,,,,,,,,,,,,,,,,,,NFR
Dilleniaceae,Plantae,Magnoliophyta,leaf,T,,,,,,,,,,,,,,,,,,,,,,,,,,,,,,,,,,,,,,,,,,,,,,,,,,,,,,,,,,,,,,,,,,,,,,,,,,,F1,1,1,1,1,1,1,1,1,1,1,1,
Dioscoreaceae,Plantae,Magnoliophyta,leaf,T,,,,,,,,,,,,,,,,,,,,,,,,,,,,,,,,,,,,,,,,,,,,,,,,,,,,,,,,,,,,,,,,,,,,,,,,,,,?F,?,?,F2,1,1,1,1,1,1,1,1,
Dipsacaceae,Plantae,Magnoliophyta,,T,,,,,,,,,,,,,,,,,,,,,,,,,,,,,,,,,,,,,,,,,,,,,,,,,,,,,,,,,,,,,,,,,,,,,,,,,,,,,,,,,,,,,,,NFR
Dipterocarpaceae,Plantae,Magnoliophyta,wood,T,,,,,,,,,,,,,,,,,,,,,,,,,,,,,,,,,,,,,,,,,,,,,,,,,,,,,,,,,,,,,,,,,F1,1,1,1,1,1,1,1,1,1,1,1,1,1,1,1,1,1,1,1,1,1,
Droseraceae,Plantae,Magnoliophyta,,T,,,,,,,,,,,,,,,,,,,,,,,,,,,,,,,,,,,,,,,,,,,,,,,,,,,,,,,,,,,,,,,,,,,,,,,,,,,,,,,,,,,,,,,NFR
Ebenaceae,Plantae,Magnoliophyta,fruit,T,,,,,,,,,,,,,,,,,,,,,,,,,,,,,,,,,,,,,,,,,,,,,,,,,,,,,,,,,,,,,,,,,,,,,,,,,,,?F,?,?,F2,1,1,1,1,1,1,1,1,
Elaeagnaceae,Plantae,Magnoliophyta,flower,T,,,,,,,,,,,,,,,,,,,,,,,,,,,,,,,,,,,,,,,,,,,,,,,,,,,,,,,,,,,,,,,,,,,,,,,,,,,,,,,,,?F,?,F2,1,1,1,
Elaeocarpaceae,Plantae,Magnoliophyta,fruit,T,,,,,,,,,,,,,,,,,,,,,,,,,,,,,,,,,,,,,,,,,,,,,,,,,,,,,,,,,,,,,,,,,,,,,,,,,,,,,,F1,1,1,1,1,1,1,1,1,
Elatinaceae,Plantae,Magnoliophyta,,T,,,,,,,,,,,,,,,,,,,,,,,,,,,,,,,,,,,,,,,,,,,,,,,,,,,,,,,,,,,,,,,,,,,,,,,,,,,,,,,,,,,,,,,NFR
Empetraceae,Plantae,Magnoliophyta,,T,,,,,,,,,,,,,,,,,,,,,,,,,,,,,,,,,,,,,,,,,,,,,,,,,,,,,,,,,,,,,,,,,,,,,,,,,,,,,,,,,,,,,,,NFR
Epacridaceae,Plantae,Magnoliophyta,fruit,T,,,,,,,,,,,,,,,,,,,,,,,,,,,,,,,,,,,,,,,,,,,,,,,,,,,,,,,,,,,,,,,,,,,,,,,,,,,?F,?,?,F2,1,1,1,1,1,1,1,1,
Ericaceae,Plantae,Magnoliophyta,leaf,T,,,,,,,,,,,,,,,,,,,,,,,,,,,,,,,,,,,,,,,,,,,,,,,,,,,,,,,,,,,,,,,,,,,,,,,,,,,,,,,,F1,1,1,1,1,1,1,
Eriocaulaceae,Plantae,Magnoliophyta,,T,,,,,,,,,,,,,,,,,,,,,,,,,,,,,,,,,,,,,,,,,,,,,,,,,,,,,,,,,,,,,,,,,,,,,,,,,,,,,,,,,,,,,,,NFR
Erythroxylaceae,Plantae,Magnoliophyta,,T,,,,,,,,,,,,,,,,,,,,,,,,,,,,,,,,,,,,,,,,,,,,,,,,,,,,,,,,,,,,,,,,,,,,,,,,,,,,,,,,,,,,,,,NFR
Eucommiaceae,Plantae,Magnoliophyta,,T,,,,,,,,,,,,,,,,,,,,,,,,,,,,,,,,,,,,,,,,,,,,,,,,,,,,,,,,,,,,,,,,,,,,,,,,,,,,,,,,,,,,,,,NFR
Eucryphiaceae,Plantae,Magnoliophyta,,T,,,,,,,,,,,,,,,,,,,,,,,,,,,,,,,,,,,,,,,,,,,,,,,,,,,,,,,,,,,,,,,,,,,,,,,,,,,,,,,,,,,,,,,NFR
Euphorbiaceae,Plantae,Magnoliophyta,wood,T,,,,,,,,,,,,,,,,,,,,,,,,,,,,,,,,,,,,,,,,,,,,,,,,,,,,,,,,,,,,,,,,,,,,,?F,?,?,F2,1,1,1,1,1,1,1,1,1,1,1,1,1,1,
Eupomatiaceae,Plantae,Magnoliophyta,,T,,,,,,,,,,,,,,,,,,,,,,,,,,,,,,,,,,,,,,,,,,,,,,,,,,,,,,,,,,,,,,,,,,,,,,,,,,,,,,,,,,,,,,,NFR
Eupetaleaceae,Plantae,Magnoliophyta,,T,,,,,,,,,,,,,,,,,,,,,,,,,,,,,,,,,,,,,,,,,,,,,,,,,,,,,,,,,,,,,,,,,,,,,,,,,,,,,,,,,,,,,,,NFR
Fabaceae,Plantae,Magnoliophyta,leaf,T,,,,,,,,,,,,,,,,,,,,,,,,,,,,,,,,,,,,,,,,,,,,,,,,,,,,,,,,,,,,,,,,,,,F1,1,1,1,1,1,1,1,1,1,1,1,1,1,1,1,1,1,1,1,
Fagaceae,Plantae,Magnoliophyta,wood,T,,,,,,,,,,,,,,,,,,,,,,,,,,,,,,,,,,,,,,,,,,,,,,,,,,,,,,,,,,,,,,,,,,,?F,?,?,?,?,F2,1,1,1,1,1,1,1,1,1,1,1,1,1,1,
Flacourtiaceae,Plantae,Magnoliophyta,leaf,T,,,,,,,,,,,,,,,,,,,,,,,,,,,,,,,,,,,,,,,,,,,,,,,,,,,,,,,,,,,,,,,,,,,,,,,,,?F,F2,1,1,1,1,1,1,1,1,1,1,1,1,
Flagellariaceae,Plantae,Magnoliophyta,,T,,,,,,,,,,,,,,,,,,,,,,,,,,,,,,,,,,,,,,,,,,,,,,,,,,,,,,,,,,,,,,,,,,,,,,,,,,,,,,,,,,,,,,,NFR
Fouquiriaceae,Plantae,Magnoliophyta,,T,,,,,,,,,,,,,,,,,,,,,,,,,,,,,,,,,,,,,,,,,,,,,,,,,,,,,,,,,,,,,,,,,,,,,,,,,,,,,,,,,,,,,,,NFR
Fumariaceae,Plantae,Magnoliophyta,,T,,,,,,,,,,,,,,,,,,,,,,,,,,,,,,,,,,,,,,,,,,,,,,,,,,,,,,,,,,,,,,,,,,,,,,,,,,,,,,,,,,,,,,,NFR
Garryaceae,Plantae,Magnoliophyta,,T,,,,,,,,,,,,,,,,,,,,,,,,,,,,,,,,,,,,,,,,,,,,,,,,,,,,,,,,,,,,,,,,,,,,,,,,,,,,,,,,,,,,,,,NFR
Gentianaceae,Plantae,Magnoliophyta,,T,,,,,,,,,,,,,,,,,,,,,,,,,,,,,,,,,,,,,,,,,,,,,,,,,,,,,,,,,,,,,,,,,,,,,,,,,,,,,,,,,,,,,,,NFR
Geraniaceae,Plantae,Magnoliophyta,,T,,,,,,,,,,,,,,,,,,,,,,,,,,,,,,,,,,,,,,,,,,,,,,,,,,,,,,,,,,,,,,,,,,,,,,,,,,,,,,,,,,,,,,,NFR
GoodeniaceaeGrossulariaceae,Plantae,Magnoliophyta,,T,,,,,,,,,,,,,,,,,,,,,,,,,,,,,,,,,,,,,,,,,,,,,,,,,,,,,,,,,,,,,,,,,,,,,,,,,,,,,,,,,,,,,,,NFR
Grossulariaceae,Plantae,Magnoliophyta,,T,,,,,,,,,,,,,,,,,,,,,,,,,,,,,,,,,,,,,,,,,,,,,,,,,,,,,,,,,,,,,,,,,,,,,,,,,,,,,,,,,,,,,,,NFR
Gunneraceae,Plantae,Magnoliophyta,,T,,,,,,,,,,,,,,,,,,,,,,,,,,,,,,,,,,,,,,,,,,,,,,,,,,,,,,,,,,,,,,,,,,,,,,,,,,,,,,,,,,,,,,,NFR
Haloragaceae,Plantae,Magnoliophyta,?,T,,,,,,,,,,,,,,,,,,,,,,,,,,,,,,,,,,,,,,,,,,,,,,,,,,,,,,,,,,,,,,,,,,,,,,,,,,,F1,1,1,1,1,1,1,1,1,1,1,1,
Hamamelidaceae,Plantae,Magnoliophyta,wood,T,,,,,,,,,,,,,,,,,,,,,,,,,,,,,,,,,,,,,,,,,,,,,,,,,,,,,,,,,,,,,,,,,,,F1,1,1,1,1,1,1,1,1,1,1,1,1,1,1,1,1,1,1,1,
Heliconiaceae,Plantae,Magnoliophyta,see Musaceae,T,,,,,,,,,,,,,,,,,,,,,,,,,,,,,,,,,,,,,,,,,,,,,,,,,,,,,,,,,,,,,,,,,,,,,,,,,,,,,,,,,,,,,,,
Hernandiaceae,Plantae,Magnoliophyta,,T,,,,,,,,,,,,,,,,,,,,,,,,,,,,,,,,,,,,,,,,,,,,,,,,,,,,,,,,,,,,,,,,,,,,,,,,,,,,,,,,,,,,,,,NFR
Hippocastanaceae,Plantae,Magnoliophyta,,T,,,,,,,,,,,,,,,,,,,,,,,,,,,,,,,,,,,,,,,,,,,,,,,,,,,,,,,,,,,,,,,,,,,,,,,,,,,,,,,,,,,,,,,NFR
Hippocrateaceae,Plantae,Magnoliophyta,,T,,,,,,,,,,,,,,,,,,,,,,,,,,,,,,,,,,,,,,,,,,,,,,,,,,,,,,,,,,,,,,,,,,,,,,,,,,,,,,,,,,,,,,,NFR
Hippuridaceae,Plantae,Magnoliophyta,,T,,,,,,,,,,,,,,,,,,,,,,,,,,,,,,,,,,,,,,,,,,,,,,,,,,,,,,,,,,,,,,,,,,,,,,,,,,,,,,,,,,,,,,,NFR
Hugoniaceae,Plantae,Magnoliophyta,,T,,,,,,,,,,,,,,,,,,,,,,,,,,,,,,,,,,,,,,,,,,,,,,,,,,,,,,,,,,,,,,,,,,,,,,,,,,,,,,,,,,,,,,,NFR
Humiriaceae,Plantae,Magnoliophyta,,T,,,,,,,,,,,,,,,,,,,,,,,,,,,,,,,,,,,,,,,,,,,,,,,,,,,,,,,,,,,,,,,,,,,,,,,,,,,,,,,,,,,,,,,NFR
Hydrangeaceae,Plantae,Magnoliophyta,,T,,,,,,,,,,,,,,,,,,,,,,,,,,,,,,,,,,,,,,,,,,,,,,,,,,,,,,,,,,,,,,,,,,,,,,,,,,,,,,,,,,,,,,,NFR
Hydrocharitaceae,Plantae,Magnoliophyta,leaf,T,,,,,,,,,,,,,,,,,,,,,,,,,,,,,,,,,,,,,,,,,,,,,,,,,,,,,,,,,,,,,,,,,,,,,,,,,,,,,,,,,?F,?,F2,1,1,1,
Icacinaceae,Plantae,Magnoliophyta,fruit,T,,,,,,,,,,,,,,,,,,,,,,,,,,,,,,,,,,,,,,,,,,,,,,,,,,,,,,,,,,,,,,,,,,,,,,,,,,,?F,?,?,F2,1,1,1,1,1,1,1,1,
Illiciaceae,Plantae,Magnoliophyta,,T,,,,,,,,,,,,,,,,,,,,,,,,,,,,,,,,,,,,,,,,,,,,,,,,,,,,,,,,,,,,,,,,,,,,,,,,,,,,,,,,,,,,,,,NFR
Iridaceae,Plantae,Magnoliophyta,leaf,T,,,,,,,,,,,,,,,,,,,,,,,,,,,,,,,,,,,,,,,,,,,,,,,,,,,,,,,,,,,,,?F,?,?,?,?,F2,1,1,1,1,1,1,1,1,1,1,1,1,1,1,1,1,1,1,1,1,
Juglandaceae,Plantae,Magnoliophyta,leaf,T,,,,,,,,,,,,,,,,,,,,,,,,,,,,,,,,,,,,,,,,,,,,,,,,,,,,,,,,,,,,,?F,?,?,?,?,F2,1,1,1,1,1,1,1,1,1,1,1,1,1,1,1,1,1,1,1,1,
Julianiaceae,Plantae,Magnoliophyta,,T,,,,,,,,,,,,,,,,,,,,,,,,,,,,,,,,,,,,,,,,,,,,,,,,,,,,,,,,,,,,,,,,,,,,,,,,,,,,,,,,,,,,,,,NFR
Juncaceae,Plantae,Magnoliophyta,,T,,,,,,,,,,,,,,,,,,,,,,,,,,,,,,,,,,,,,,,,,,,,,,,,,,,,,,,,,,,,,,,,,,,,,,,,,,,,,,,,,,,,,,,NFR
Juncaginaceae,Plantae,Magnoliophyta,fruit,T,,,,,,,,,,,,,,,,,,,,,,,,,,,,,,,,,,,,,,,,,,,,,,,,,,,,,,,,,,,,,,,,,,,?F,?,?,?,?,F2,1,1,1,1,1,1,1,1,1,1,1,1,1,1,
Lactoridaceae,Plantae,Magnoliophyta,,T,,,,,,,,,,,,,,,,,,,,,,,,,,,,,,,,,,,,,,,,,,,,,,,,,,,,,,,,,,,,,,,,,,,,,,,,,,,,,,,,,,,,,,,NFR
Lamiaceae,Plantae,Magnoliophyta,fruit,T,,,,,,,,,,,,,,,,,,,,,,,,,,,,,,,,,,,,,,,,,,,,,,,,,,,,,,,,,,,,,,,,,,,,,,,,,,,,,,,?F,F2,1,1,1,1,1,1,
Lardizabalaceae,Plantae,Magnoliophyta,? wood,T,,,,,,,,,,,,,,,,,,,,,,,,,,,,,,,,,,,,,,,,,,,,,,,,,,,,,,,,,,,,,,,,,,,,,,,,,?F,?,?,?,?,?,?,?,?,?,?,F2,1,1,
Lauraceae,Plantae,Magnoliophyta,leaf,T,,,,,,,,,,,,,,,,,,,,,,,,,,,,,,,,,,,,,,,,,,,,,,,,,,,,,,,,,,,,,,,,,,,F1,1,1,1,1,1,1,1,1,1,1,1,1,1,1,1,1,1,1,1,
Lecythidaceae,Plantae,Magnoliophyta,wood,T,,,,,,,,,,,,,,,,,,,,,,,,,,,,,,,,,,,,,,,,,,,,,,,,,,,,,,,,,,,,,,,,,,,,,,,,,?F,F2,1,1,1,1,1,1,1,1,1,1,1,1,
Leeaceae,Plantae,Magnoliophyta,,T,,,,,,,,,,,,,,,,,,,,,,,,,,,,,,,,,,,,,,,,,,,,,,,,,,,,,,,,,,,,,,,,,,,,,,,,,,,,,,,,,,,,,,,NFR
Leitneriaceae,Plantae,Magnoliophyta,,T,,,,,,,,,,,,,,,,,,,,,,,,,,,,,,,,,,,,,,,,,,,,,,,,,,,,,,,,,,,,,,,,,,,,,,,,,,,,,,,,,,,,,,,NFR
Lemnaceae,Plantae,Magnoliophyta,seed,T,,,,,,,,,,,,,,,,,,,,,,,,,,,,,,,,,,,,,,,,,,,,,,,,,,,,,,,,,,,,,,,,,,,,,,,,,,,,,,,,,?F,?,?,F2,1,1,
Lentibulariaceae,Plantae,Magnoliophyta,,T,,,,,,,,,,,,,,,,,,,,,,,,,,,,,,,,,,,,,,,,,,,,,,,,,,,,,,,,,,,,,,,,,,,,,,,,,,,,,,,,,,,,,,,NFR
Liliaceae,Plantae,Magnoliophyta,?,T,,,,,,,,,,,,,,,,,,,,,,,,,,,,,,,,,,,,,,,,,,,,,,,,,,,,,,,,,,,,,,,,,,,?F,?,?,?,?,F2,1,1,1,1,1,1,1,1,1,1,1,1,1,1,
Limnanthaceae,Plantae,Magnoliophyta,,T,,,,,,,,,,,,,,,,,,,,,,,,,,,,,,,,,,,,,,,,,,,,,,,,,,,,,,,,,,,,,,,,,,,,,,,,,,,,,,,,,,,,,,,NFR
Linaceae,Plantae,Magnoliophyta,fruit,T,,,,,,,,,,,,,,,,,,,,,,,,,,,,,,,,,,,,,,,,,,,,,,,,,,,,,,,,,,,,,,,,,,,,,,,,,,,?F,?,?,F2,1,1,1,1,1,1,1,1,
Loasaceae,Plantae,Magnoliophyta,,T,,,,,,,,,,,,,,,,,,,,,,,,,,,,,,,,,,,,,,,,,,,,,,,,,,,,,,,,,,,,,,,,,,,,,,,,,,,,,,,,,,,,,,,NFR
Loganiaceae,Plantae,Magnoliophyta,,T,,,,,,,,,,,,,,,,,,,,,,,,,,,,,,,,,,,,,,,,,,,,,,,,,,,,,,,,,,,,,,,,,,,,,,,,,,,,,,,,,,,,,,,NFR
Loranthaceae,Plantae,Magnoliophyta,stem,T,,,,,,,,,,,,,,,,,,,,,,,,,,,,,,,,,,,,,,,,,,,,,,,,,,,,,,,,,,,,,,,,,,,,,,,,,?F,?,?,?,?,?,?,F2,1,1,1,1,1,1,
Lythraceae,Plantae,Magnoliophyta,seed,T,,,,,,,,,,,,,,,,,,,,,,,,,,,,,,,,,,,,,,,,,,,,,,,,,,,,,,,,,,,,,,,,,,,,,,,,,,,,,F1,1,1,1,1,1,1,1,1,1,
Magnoliaceae,Plantae,Magnoliophyta,leaf,T,,,,,,,,,,,,,,,,,,,,,,,,,,,,,,,,,,,,,,,,,,,,,,,,,,,,,,,,,,,,,?F,?,?,?,?,?,?,?,?,?,?,F2,1,1,1,1,1,1,1,1,1,1,1,1,1,1,
Malpighaceae,Plantae,Magnoliophyta,leaf,T,,,,,,,,,,,,,,,,,,,,,,,,,,,,,,,,,,,,,,,,,,,,,,,,,,,,,,,,,,,,,,,,,,,,,,,,,,,?F,?,?,F2,1,1,1,1,1,1,1,1,
Malvaceae,Plantae,Magnoliophyta,wood,T,,,,,,,,,,,,,,,,,,,,,,,,,,,,,,,,,,,,,,,,,,,,,,,,,,,,,,,,,,,,,,,,,,,,,,,?F,F2,1,1,1,1,1,1,1,1,1,1,1,1,1,1,
Marantaceae,Plantae,Magnoliophyta,,T,,,,,,,,,,,,,,,,,,,,,,,,,,,,,,,,,,,,,,,,,,,,,,,,,,,,,,,,,,,,,,,,,,,,,,,,,,,,,,,,,,,,,,,NFR
Marcgraviaceae,Plantae,Magnoliophyta,wood,T,,,,,,,,,,,,,,,,,,,,,,,,,,,,,,,,,,,,,,,,,,,,,,,,,,,,,,,,,,,,,,,,,,,,,,,,,?F,?,?,?,?,?,?,?,?,?,?,F2,1,1,
Melastomataceae,Plantae,Magnoliophyta,leaf,T,,,,,,,,,,,,,,,,,,,,,,,,,,,,,,,,,,,,,,,,,,,,,,,,,,,,,,,,,,,,,,,,,,,,,,,,,,,?F,?,?,F2,1,1,1,1,1,1,1,1,
Meliaceae,Plantae,Magnoliophyta,wood,T,,,,,,,,,,,,,,,,,,,,,,,,,,,,,,,,,,,,,,,,,,,,,,,,,,,,,,,,,,,,,,,,,,,,,,,,,?F,F2,1,1,1,1,1,1,1,1,1,1,1,1,
Menispermaceae,Plantae,Magnoliophyta,leaf,T,,,,,,,,,,,,,,,,,,,,,,,,,,,,,,,,,,,,,,,,,,,,,,,,,,,,,,,,,,,,,,,,,,,F1,1,1,1,1,1,1,1,1,1,1,1,1,1,1,1,1,1,1,1,
Menyanthaceae,Plantae,Magnoliophyta,,T,,,,,,,,,,,,,,,,,,,,,,,,,,,,,,,,,,,,,,,,,,,,,,,,,,,,,,,,,,,,,,,,,,,,,,,,,,,,,,,,,,,,,,,NFR
Mimosaceae,Plantae,Magnoliophyta,leaf,T,,,,,,,,,,,,,,,,,,,,,,,,,,,,,,,,,,,,,,,,,,,,,,,,,,,,,,,,,,,,,,,,,,,?F,?,?,?,?,F2,1,1,1,1,1,1,1,1,1,1,1,1,1,1,
Monimiaceae,Plantae,Magnoliophyta,wood,T,,,,,,,,,,,,,,,,,,,,,,,,,,,,,,,,,,,,,,,,,,,,,,,,,,,,,,,,,,,,,,,,,,,,,?F,F2,1,1,1,1,1,1,1,1,1,1,1,1,1,1,1,1,
Moraceae,Plantae,Magnoliophyta,fruit,T,,,,,,,,,,,,,,,,,,,,,,,,,,,,,,,,,,,,,,,,,,,,,,,,,,,,,,,,,,,,,,,,,,,?F,?,?,?,?,F2,1,1,1,1,1,1,1,1,1,1,1,1,1,1,
Moringaceae,Plantae,Magnoliophyta,,T,,,,,,,,,,,,,,,,,,,,,,,,,,,,,,,,,,,,,,,,,,,,,,,,,,,,,,,,,,,,,,,,,,,,,,,,,,,,,,,,,,,,,,,NFR
Musaceae,Plantae,Magnoliophyta,leaf,T,,,,,,,,,,,,,,,,,,,,,,,,,,,,,,,,,,,,,,,,,,,,,,,,,,,,,,,,,,,,,,,,,,,?F,?,?,?,?,F2,1,1,1,1,1,1,1,1,1,1,1,1,1,1,
Myricaceae,Plantae,Magnoliophyta,leaf,T,,,,,,,,,,,,,,,,,,,,,,,,,,,,,,,,,,,,,,,,,,,,,,,,,,,,,,,,,,,,,?F,?,?,?,?,?,?,?,?,?,?,F2,1,1,1,1,1,1,1,1,1,1,1,1,1,1,
Myristicaceae,Plantae,Magnoliophyta,wood,T,,,,,,,,,,,,,,,,,,,,,,,,,,,,,,,,,,,,,,,,,,,,,,,,,,,,,,,,,,,,,,,,,,,,,,,,,?F,F2,1,1,1,1,1,1,1,1,1,1,1,1,
Myrothamnaceae,Plantae,Magnoliophyta,,T,,,,,,,,,,,,,,,,,,,,,,,,,,,,,,,,,,,,,,,,,,,,,,,,,,,,,,,,,,,,,,,,,,,,,,,,,,,,,,,,,,,,,,,NFR
Myrsinaceae,Plantae,Magnoliophyta,flower,T,,,,,,,,,,,,,,,,,,,,,,,,,,,,,,,,,,,,,,,,,,,,,,,,,,,,,,,,,,,,,,,,,,,,,,,,,?F,?,?,?,?,?,?,?,?,?,?,F2,1,1,
Myrtaceae,Plantae,Magnoliophyta,leaf,T,,,,,,,,,,,,,,,,,,,,,,,,,,,,,,,,,,,,,,,,,,,,,,,,,,,,,,,,,,,,,,,,,,,F1,1,1,1,1,1,1,1,1,1,1,1,1,1,1,1,1,1,1,1,
Najadaceae,Plantae,Magnoliophyta,?,T,,,,,,,,,,,,,,,,,,,,,,,,,,,,,,,,,,,,,,,,,,,,,,,,,,,,,,,,,,,,,,,,,,,,,,,,,,,?F,?,?,F2,1,1,1,1,1,1,1,1,
Nelumbonaceae,Plantae,Magnoliophyta,,T,,,,,,,,,,,,,,,,,,,,,,,,,,,,,,,,,,,,,,,,,,,,,,,,,,,,,,,,,,,,,,,,,,,,,,,,,,,,,,,,,,,,,,,NFR
Nepenthaceae,Plantae,Magnoliophyta,,T,,,,,,,,,,,,,,,,,,,,,,,,,,,,,,,,,,,,,,,,,,,,,,,,,,,,,,,,,,,,,,,,,,,,,,,,,,,,,,,,,,,,,,,NFR
Nyctaginaceae,Plantae,Magnoliophyta,leaf,T,,,,,,,,,,,,,,,,,,,,,,,,,,,,,,,,,,,,,,,,,,,,,,,,,,,,,,,,,,,,,,,,,,,,,,,,,?F,?,?,?,?,?,?,?,?,?,?,F2,1,1,
Nymphaeceae,Plantae,Magnoliophyta,leaf,T,,,,,,,,,,,,,,,,,,,,,,,,,,,,,,,,,,,,,,,,,,,,,,,,,,,,,,,,,,,,,,,,,,F1,1,1,1,1,1,1,1,1,1,1,1,1,1,1,1,1,1,1,1,1,
Nyssaceae,Plantae,Magnoliophyta,fruit,T,,,,,,,,,,,,,,,,,,,,,,,,,,,,,,,,,,,,,,,,,,,,,,,,,,,,,,,,,,,,,,,,,,,,,,,,,,,?F,?,?,F2,1,1,1,1,1,1,1,1,
Ochnaceae,Plantae,Magnoliophyta,,T,,,,,,,,,,,,,,,,,,,,,,,,,,,,,,,,,,,,,,,,,,,,,,,,,,,,,,,,,,,,,,,,,,,,,,,,,,,,,,,,,,,,,,,NFR
Olacaceae,Plantae,Magnoliophyta,,T,,,,,,,,,,,,,,,,,,,,,,,,,,,,,,,,,,,,,,,,,,,,,,,,,,,,,,,,,,,,,,,,,,,,,,,,,,,,,,,,,,,,,,,NFR
Oleaceae,Plantae,Magnoliophyta,leaf,T,,,,,,,,,,,,,,,,,,,,,,,,,,,,,,,,,,,,,,,,,,,,,,,,,,,,,,,,,,,,,,,,,,,,,,,,,?F,?,?,?,?,?,?,F2,1,1,1,1,1,1,
Onagraceae,Plantae,Magnoliophyta,fruit,T,,,,,,,,,,,,,,,,,,,,,,,,,,,,,,,,,,,,,,,,,,,,,,,,,,,,,,,,,,,,,,,,,,,,,,,,,,,?F,?,?,F2,1,1,1,1,1,1,1,1,
Opiliaceae,Plantae,Magnoliophyta,wood,T,,,,,,,,,,,,,,,,,,,,,,,,,,,,,,,,,,,,,,,,,,,,,,,,,,,,,,,,,,,,,,,,,,,?F,?,?,?,?,F2,1,1,1,1,1,1,1,1,1,1,1,1,1,1,
Orchidaceae,Plantae,Magnoliophyta,"stem, leaf, rhiz.",T,,,,,,,,,,,,,,,,,,,,,,,,,,,,,,,,,,,,,,,,,,,,,,,,,,,,,,,,,,,,,,,,,,,,,,,,,,,?F,?,?,F2,1,1,1,1,1,1,1,1,
Orobanchaceae,Plantae,Magnoliophyta,,T,,,,,,,,,,,,,,,,,,,,,,,,,,,,,,,,,,,,,,,,,,,,,,,,,,,,,,,,,,,,,,,,,,,,,,,,,,,,,,,,,,,,,,,NFR
Oxalidaceae,Plantae,Magnoliophyta,fruit,T,,,,,,,,,,,,,,,,,,,,,,,,,,,,,,,,,,,,,,,,,,,,,,,,,,,,,,,,,,,,,,,,,,,,,,,,,?F,?,?,?,?,?,?,?,?,?,?,F2,1,1,
Paeoniaceae,Plantae,Magnoliophyta,see Ranunculaceae,T,,,,,,,,,,,,,,,,,,,,,,,,,,,,,,,,,,,,,,,,,,,,,,,,,,,,,,,,,,,,,,,,,,,,,,,,,,,,,,,,,,,,,,,
Pandanaceae,Plantae,Magnoliophyta,fruit,T,,,,,,,,,,,,,,,,,,,,,,,,,,,,,,,,,,,,,,,,,,,,,,,,,,?F,?,?,?,?,?,?,?,?,?,F2,1,1,1,1,1,1,1,1,1,1,1,1,1,1,1,1,1,1,1,1,1,1,1,1,1,1,
Papaveraceae,Plantae,Magnoliophyta,,T,,,,,,,,,,,,,,,,,,,,,,,,,,,,,,,,,,,,,,,,,,,,,,,,,,,,,,,,,,,,,,,,,,,,,,,,,,,,,,,,,,,,,,,NFR
Passifloraceae,Plantae,Magnoliophyta,leaf,T,,,,,,,,,,,,,,,,,,,,,,,,,,,,,,,,,,,,,,,,,,,,,,,,,,,,,,,,,,,,,,,,,,,,,,,,,,,,,,F1,1,1,1,1,1,1,1,1,
Pedaliaceae,Plantae,Magnoliophyta,,T,,,,,,,,,,,,,,,,,,,,,,,,,,,,,,,,,,,,,,,,,,,,,,,,,,,,,,,,,,,,,,,,,,,,,,,,,,,,,,,,,,,,,,,NFR
Pellicieraceae,Plantae,Magnoliophyta,,T,,,,,,,,,,,,,,,,,,,,,,,,,,,,,,,,,,,,,,,,,,,,,,,,,,,,,,,,,,,,,,,,,,,,,,,,,,,,,,,,,,,,,,,NFR
Pentaphyllaceae,Plantae,Magnoliophyta,,T,,,,,,,,,,,,,,,,,,,,,,,,,,,,,,,,,,,,,,,,,,,,,,,,,,,,,,,,,,,,,,,,,,,,,,,,,,,,,,,,,,,,,,,NFR
Phytolacaceae,Plantae,Magnoliophyta,fruit,T,,,,,,,,,,,,,,,,,,,,,,,,,,,,,,,,,,,,,,,,,,,,,,,,,,,,,,,,,,,,,,,,,,,,,,,,,,,?F,?,?,F2,1,1,1,1,1,1,1,1,
Piperaceae,Plantae,Magnoliophyta,leaf,T,,,,,,,,,,,,,,,,,,,,,,,,,,,,,,,,,,,,,,,,,,,,,,,,,,,,,,,,,,,,,,,,,,,,,,,,,?F,?,?,?,?,?,?,?,?,?,F2,1,1,1,
Pittosporaceae,Plantae,Magnoliophyta,flower,T,,,,,,,,,,,,,,,,,,,,,,,,,,,,,,,,,,,,,,,,,,,,,,,,,,,,,,,,,,,,,,,,,,,,,,,,,,,,,,,,,?F,?,F2,1,1,1,
Plantiginaceae,Plantae,Magnoliophyta,,T,,,,,,,,,,,,,,,,,,,,,,,,,,,,,,,,,,,,,,,,,,,,,,,,,,,,,,,,,,,,,,,,,,,,,,,,,,,,,,,,,,,,,,,NFR
Plantanaceae,Plantae,Magnoliophyta,leaf,T,,,,,,,,,,,,,,,,,,,,,,,,,,,,,,,,,,,,,,,,,,,,,,,,,,,,,,,,,,,,,,,,,,,?F,?,?,?,?,F2,1,1,1,1,1,1,1,1,1,1,1,1,1,1,
Plumbaginaceae,Plantae,Magnoliophyta,,T,,,,,,,,,,,,,,,,,,,,,,,,,,,,,,,,,,,,,,,,,,,,,,,,,,,,,,,,,,,,,,,,,,,,,,,,,,,,,,,,,,,,,,,NFR
Poaceae,Plantae,Magnoliophyta,leaf,T,,,,,,,,,,,,,,,,,,,,,,,,,,,,,,,,,,,,,,,,,,,,?F,?,?,?,?,F2,1,1,1,1,1,1,1,1,1,1,1,1,1,1,1,1,1,1,1,1,1,1,1,1,1,1,1,1,1,1,1,1,1,1,1,1,1,
Podostemaceae,Plantae,Magnoliophyta,leaf,T,,,,,,,,,,,,,,,,,,,,,,,,,,,,,,,,,,,,,,,,,,,,,,,,,,,,,,,,,,,,,,,,,,,,,,,,,?F,?,?,?,?,?,?,?,?,?,?,F2,1,1,
Polemoniaceae,Plantae,Magnoliophyta,,T,,,,,,,,,,,,,,,,,,,,,,,,,,,,,,,,,,,,,,,,,,,,,,,,,,,,,,,,,,,,,,,,,,,,,,,,,,,,,,,,,,,,,,,NFR
Polygalaceae,Plantae,Magnoliophyta,,T,,,,,,,,,,,,,,,,,,,,,,,,,,,,,,,,,,,,,,,,,,,,,,,,,,,,,,,,,,,,,,,,,,,,,,,,,,,,,,,,,,,,,,,NFR
Polygonaceae,Plantae,Magnoliophyta,leaf,T,,,,,,,,,,,,,,,,,,,,,,,,,,,,,,,,,,,,,,,,,,,,,,,,,,,,,,,,,,,,,,,,,,,?F,?,?,?,?,F2,1,1,1,1,1,1,1,1,1,1,1,1,1,1,
Pontederiaceae,Plantae,Magnoliophyta,,T,,,,,,,,,,,,,,,,,,,,,,,,,,,,,,,,,,,,,,,,,,,,,,,,,,,,,,,,,,,,,,,,,,,,,,,,,,,,,,,,,,,,,,,NFR
Portulacaceae,Plantae,Magnoliophyta,,T,,,,,,,,,,,,,,,,,,,,,,,,,,,,,,,,,,,,,,,,,,,,,,,,,,,,,,,,,,,,,,,,,,,,,,,,,,,,,,,,,,,,,,,NFR
Posidoniaceae,Plantae,Magnoliophyta,,T,,,,,,,,,,,,,,,,,,,,,,,,,,,,,,,,,,,,,,,,,,,,,,,,,,,,,,,,,,,,,,,,,,,,,,,,,,,,,,,,,,,,,,,NFR
Potamogetonaceae,Plantae,Magnoliophyta,leaf,T,,,,,,,,,,,,,,,,,,,,,,,,,,,,,,,,,,,,,,,,,,,,,,,,,,,,,,,,,,,,,?F,?,?,?,?,F2,1,1,1,1,1,1,1,1,1,1,1,1,1,1,1,1,1,1,1,1,
Primulaceae,Plantae,Magnoliophyta,,T,,,,,,,,,,,,,,,,,,,,,,,,,,,,,,,,,,,,,,,,,,,,,,,,,,,,,,,,,,,,,,,,,,,,,,,,,,,,,,,,,,,,,,,NFR
Priscaceae,Plantae,Magnoliophyta,,T,,,,,,,,,,,,,,,,,,,,,,,,,,,,,,,,,,,,,,,,,,,,,,,,,,,,,,,,,,,,,,,,,,,,,,,,,,,,,,,,,,,,,,,NFR
Proteaceae,Plantae,Magnoliophyta,leaf,T,,,,,,,,,,,,,,,,,,,,,,,,,,,,,,,,,,,,,,,,,,,,,,,,,,,,,,,,,,,,,?F,?,?,?,?,F2,1,1,1,1,1,1,1,1,1,1,1,1,1,1,1,1,1,1,1,1,
Punicaceae,Plantae,Magnoliophyta,flower,T,,,,,,,,,,,,,,,,,,,,,,,,,,,,,,,,,,,,,,,,,,,,,,,,,,,,,,,,,,,,,,,,,,,,,,,,,?F,?,?,?,?,?,?,?,?,?,?,F2,1,1,
Ranunculaceae,Plantae,Magnoliophyta,fruit,T,,,,,,,,,,,,,,,,,,,,,,,,,,,,,,,,,,,,,,,,,,,,,,,,,,,,,,,,,,,,,,,,,,,,,,,,,,,,,,,,,?F,?,F2,1,1,1,
Resedaceae,Plantae,Magnoliophyta,,T,,,,,,,,,,,,,,,,,,,,,,,,,,,,,,,,,,,,,,,,,,,,,,,,,,,,,,,,,,,,,,,,,,,,,,,,,,,,,,,,,,,,,,,NFR
Restionaceae,Plantae,Magnoliophyta,?,T,,,,,,,,,,,,,,,,,,,,,,,,,,,,,,,,,,,,,,,,,,,,,,,,,,,,,,,,,,,,,,,,,,,,,,,,,,,?F,?,?,?,?,?,?,?,?,F2,1,1,
Rhamnaceae,Plantae,Magnoliophyta,leaf,T,,,,,,,,,,,,,,,,,,,,,,,,,,,,,,,,,,,,,,,,,,,,,,,,,,,,,,,,,,,,,,,,,,,?F,?,?,?,?,F2,1,1,1,1,1,1,1,1,1,1,1,1,1,1,
Rhizophoraceae,Plantae,Magnoliophyta,fruit,T,,,,,,,,,,,,,,,,,,,,,,,,,,,,,,,,,,,,,,,,,,,,,,,,,,,,,,,,,,,,,,,,,,,,,,,,,,,?F,?,?,F2,1,1,1,1,1,1,1,1,
Rhoipteleaceae,Plantae,Magnoliophyta,,T,,,,,,,,,,,,,,,,,,,,,,,,,,,,,,,,,,,,,,,,,,,,,,,,,,,,,,,,,,,,,,,,,,,,,,,,,,,,,,,,,,,,,,,NFR
Rosaceae,Plantae,Magnoliophyta,leaf,T,,,,,,,,,,,,,,,,,,,,,,,,,,,,,,,,,,,,,,,,,,,,,,,,,,,,,,,,,,,,,?F,?,?,?,?,F2,1,1,1,1,1,1,1,1,1,1,1,1,1,1,1,1,1,1,1,1,
Rubiaceae,Plantae,Magnoliophyta,leaf,T,,,,,,,,,,,,,,,,,,,,,,,,,,,,,,,,,,,,,,,,,,,,,,,,,,,,,,,,,,,,,,,,,,,,,,,,,,,?F,?,?,F2,1,1,1,1,1,1,1,1,
Ruppiaceae,Plantae,Magnoliophyta,,T,,,,,,,,,,,,,,,,,,,,,,,,,,,,,,,,,,,,,,,,,,,,,,,,,,,,,,,,,,,,,,,,,,,,,,,,,,,,,,,,,,,,,,,NFR
Rutaceae,Plantae,Magnoliophyta,wood,T,,,,,,,,,,,,,,,,,,,,,,,,,,,,,,,,,,,,,,,,,,,,,,,,,,,,,,,,,,,,,?F,?,?,?,?,?,?,?,?,?,?,F2,1,1,1,1,1,1,1,1,1,1,1,1,1,1,
Sabiaceae,Plantae,Magnoliophyta,stem,T,,,,,,,,,,,,,,,,,,,,,,,,,,,,,,,,,,,,,,,,,,,,,,,,,,,,,,,,,,,,,,,,,,,?F,?,?,?,?,F2,1,1,1,1,1,1,1,1,1,1,1,1,1,1,
Salicaceae,Plantae,Magnoliophyta,leaf,T,,,,,,,,,,,,,,,,,,,,,,,,,,,,,,,,,,,,,,,,,,,,,,,,,,,,,,,,,,,,,,,,,,,?F,?,?,?,?,F2,1,1,1,1,1,1,1,1,1,1,1,1,1,1,
Santalaceae,Plantae,Magnoliophyta,flower,T,,,,,,,,,,,,,,,,,,,,,,,,,,,,,,,,,,,,,,,,,,,,,,,,,,,,,,,,,,,,,,,,,,,,,,,,,?F,?,?,?,?,?,?,F2,1,1,1,1,1,1,
Sapindaceae,Plantae,Magnoliophyta,leaf,T,,,,,,,,,,,,,,,,,,,,,,,,,,,,,,,,,,,,,,,,,,,,,,,,,,,,,,,,,,,,,?F,?,?,?,?,F2,1,1,1,1,1,1,1,1,1,1,1,1,1,1,1,1,1,1,1,1,
Sapotaceae,Plantae,Magnoliophyta,leaf,T,,,,,,,,,,,,,,,,,,,,,,,,,,,,,,,,,,,,,,,,,,,,,,,,,,,,,,,,,,,,,,,,,,,,,,,,,,,?F,?,?,F2,1,1,1,1,1,1,1,1,
Sargentodoxaceae,Plantae,Magnoliophyta,,T,,,,,,,,,,,,,,,,,,,,,,,,,,,,,,,,,,,,,,,,,,,,,,,,,,,,,,,,,,,,,,,,,,,,,,,,,,,,,,,,,,,,,,,NFR
Saururaceae,Plantae,Magnoliophyta,stem,T,,,,,,,,,,,,,,,,,,,,,,,,,,,,,,,,,,,,,,,,,,,,,,,,,,,,,,,,,,,,,,,,,,,?F,?,?,?,?,F2,1,1,1,1,1,1,1,1,1,1,1,1,1,1,
Saxifragaceae,Plantae,Magnoliophyta,fruit,T,,,,,,,,,,,,,,,,,,,,,,,,,,,,,,,,,,,,,,,,,,,,,,,,,,,,,,,,,,,,,,,,,,,,,,,,,,,?F,?,?,F2,1,1,1,1,1,1,1,1,
Scheuchzeriaceae,Plantae,Magnoliophyta,,T,,,,,,,,,,,,,,,,,,,,,,,,,,,,,,,,,,,,,,,,,,,,,,,,,,,,,,,,,,,,,,,,,,,,,,,,,,,,,,,,,,,,,,,NFR
Schisandraceae,Plantae,Magnoliophyta,,T,,,,,,,,,,,,,,,,,,,,,,,,,,,,,,,,,,,,,,,,,,,,,,,,,,,,,,,,,,,,,,,,,,,,,,,,,,,,,,,,,,,,,,,NFR
Scrophulariaceae,Plantae,Magnoliophyta,wood,T,,,,,,,,,,,,,,,,,,,,,,,,,,,,,,,,,,,,,,,,,,,,,,,,,,,,,,,,,,,,,,,,,,,,,,,,,,,,,,,,,F1,1,1,1,1,1,
Simaroubaceae,Plantae,Magnoliophyta,wood,T,,,,,,,,,,,,,,,,,,,,,,,,,,,,,,,,,,,,,,,,,,,,,,,,,,,,,,,,,,,,,,,,,,,,,,,,,?F,?,?,?,?,?,?,?,?,?,?,F2,1,1,
Smilacaceae,Plantae,Magnoliophyta,leaf,T,,,,,,,,,,,,,,,,,,,,,,,,,,,,,,,,,,,,,,,,,,,,,,,,,,,,,,,,,,,,,,,,,,,,,,,,,,,,,,,?F,F2,1,1,1,1,1,1,
Solanaceae,Plantae,Magnoliophyta,fruit,T,,,,,,,,,,,,,,,,,,,,,,,,,,,,,,,,,,,,,,,,,,,,,,,,,,,,,,,,,,,,,,,,,,,,,,,,,,,?F,?,?,F2,1,1,1,1,1,1,1,1,
Sonneratiaceae,Plantae,Magnoliophyta,wood/root,T,,,,,,,,,,,,,,,,,,,,,,,,,,,,,,,,,,,,,,,,,,,,,,,,,,,,,,,,,,,,,,,,,,,,,,,,,?F,F2,1,1,1,1,1,1,1,1,1,1,1,1,
Sparganiaceae,Plantae,Magnoliophyta,fruit,T,,,,,,,,,,,,,,,,,,,,,,,,,,,,,,,,,,,,,,,,,,,,,,,,,,,,,,,,,,,,,,,,,,,F1,1,1,1,1,1,1,1,1,1,1,1,1,1,1,1,1,1,1,1,
Stachyuraceae,Plantae,Magnoliophyta,,T,,,,,,,,,,,,,,,,,,,,,,,,,,,,,,,,,,,,,,,,,,,,,,,,,,,,,,,,,,,,,,,,,,,,,,,,,,,,,,,,,,,,,,,NFR
Staphyleaceae,Plantae,Magnoliophyta,,T,,,,,,,,,,,,,,,,,,,,,,,,,,,,,,,,,,,,,,,,,,,,,,,,,,,,,,,,,,,,,,,,,,,,,,,,,,,,,,,,,,,,,,,NFR
Stemonaceae,Plantae,Magnoliophyta,,T,,,,,,,,,,,,,,,,,,,,,,,,,,,,,,,,,,,,,,,,,,,,,,,,,,,,,,,,,,,,,,,,,,,,,,,,,,,,,,,,,,,,,,,NFR
Sterculiaceae,Plantae,Magnoliophyta,wood,T,,,,,,,,,,,,,,,,,,,,,,,,,,,,,,,,,,,,,,,,,,,,,,,,,,,,,,,,,,,,,,,,,,,,,,,,,,,,?F,F2,1,1,1,1,1,1,1,1,1,
Strelitziaceae,Plantae,Magnoliophyta,,T,,,,,,,,,,,,,,,,,,,,,,,,,,,,,,,,,,,,,,,,,,,,,,,,,,,,,,,,,,,,,,,,,,,,,,,,,,,,,,,,,,,,,,,NFR
Styracaceae,Plantae,Magnoliophyta,,T,,,,,,,,,,,,,,,,,,,,,,,,,,,,,,,,,,,,,,,,,,,,,,,,,,,,,,,,,,,,,,,,,,,,,,,,,,,,,,,,,,,,,,,NFR
Surianaceae,Plantae,Magnoliophyta,,T,,,,,,,,,,,,,,,,,,,,,,,,,,,,,,,,,,,,,,,,,,,,,,,,,,,,,,,,,,,,,,,,,,,,,,,,,,,,,,,,,,,,,,,NFR
Symplocaceae,Plantae,Magnoliophyta,fruit,T,,,,,,,,,,,,,,,,,,,,,,,,,,,,,,,,,,,,,,,,,,,,,,,,,,,,,,,,,,,,,,,,,,,,,,,,,,,,,,,?F,F2,1,1,1,1,1,1,
Taccaceae,Plantae,Magnoliophyta,,T,,,,,,,,,,,,,,,,,,,,,,,,,,,,,,,,,,,,,,,,,,,,,,,,,,,,,,,,,,,,,,,,,,,,,,,,,,,,,,,,,,,,,,,NFR
Tamaricaceae,Plantae,Magnoliophyta,?,T,,,,,,,,,,,,,,,,,,,,,,,,,,,,,,,,,,,,,,,,,,,,,,,,,,,,,,,,,,,,,,,,,,,,,,,,,,,,,,,,,,,,,?F,F2,
Tetracentraceae,Plantae,Magnoliophyta,,T,,,,,,,,,,,,,,,,,,,,,,,,,,,,,,,,,,,,,,,,,,,,,,,,,,,,,,,,,,,,,,,,,,,,,,,,,,,,,,,,,,,,,,,NFR
Theaceae,Plantae,Magnoliophyta,wood,T,,,,,,,,,,,,,,,,,,,,,,,,,,,,,,,,,,,,,,,,,,,,,,,,,,,,,,,,,,,,,,,,,,,,,?F,?,?,F2,1,1,1,1,1,1,1,1,1,1,1,1,1,1,
Theophrastaceae,Plantae,Magnoliophyta,leaf,T,,,,,,,,,,,,,,,,,,,,,,,,,,,,,,,,,,,,,,,,,,,,,,,,,,,,,,,,,,,,,,,,,,,,,,,,,?F,?,?,?,?,?,?,?,?,?,?,F2,1,1,
Thymelaeaceae,Plantae,Magnoliophyta,leaf,T,,,,,,,,,,,,,,,,,,,,,,,,,,,,,,,,,,,,,,,,,,,,,,,,,,,,,,,,,,,,,?F,?,?,?,?,?,?,?,?,?,?,F2,1,1,1,1,1,1,1,1,1,1,1,1,1,1,
Tiliaceae,Plantae,Magnoliophyta,fruit,T,,,,,,,,,,,,,,,,,,,,,,,,,,,,,,,,,,,,,,,,,,,,,,,,,,,,,,,,,,,,,?F,?,?,?,?,?,?,?,?,?,?,F2,1,1,1,1,1,1,1,1,1,1,1,1,1,1,
Trapaceae,Plantae,Magnoliophyta,fruit,T,,,,,,,,,,,,,,,,,,,,,,,,,,,,,,,,,,,,,,,,,,,,,,,,,,,,,,,,,,,,,?F,?,?,?,?,?,?,?,?,?,?,F2,1,1,1,1,1,1,1,1,1,1,1,1,1,1,
Trochodendraceae,Plantae,Magnoliophyta,leaf,T,,,,,,,,,,,,,,,,,,,,,,,,,,,,,,,,,,,,,,,,,,,,,,,,,,,,,,,,,,,,,,,,,,,?F,?,?,?,?,F2,1,1,1,1,1,1,1,1,1,1,1,1,1,1,
Trimeniaceae,Plantae,Magnoliophyta,,T,,,,,,,,,,,,,,,,,,,,,,,,,,,,,,,,,,,,,,,,,,,,,,,,,,,,,,,,,,,,,,,,,,,,,,,,,,,,,,,,,,,,,,,NFR
Turneraceae,Plantae,Magnoliophyta,,T,,,,,,,,,,,,,,,,,,,,,,,,,,,,,,,,,,,,,,,,,,,,,,,,,,,,,,,,,,,,,,,,,,,,,,,,,,,,,,,,,,,,,,,NFR
Typhaceae,Plantae,Magnoliophyta,?,T,,,,,,,,,,,,,,,,,,,,,,,,,,,,,,,,,,,,,,,,,,,,,,,,,,,,,,,,,,,,,,,,,,,,,,,,,,,,,,,,,,,F1,1,1,1,
Ulmaceae,Plantae,Magnoliophyta,leaf,T,,,,,,,,,,,,,,,,,,,,,,,,,,,,,,,,,,,,,,,,,,,,,,,,,,,,,,,,,,,,,?F,?,?,?,?,?,?,?,?,?,?,F2,1,1,1,1,1,1,1,1,1,1,1,1,1,1,
Urticaceae,Plantae,Magnoliophyta,fruit,T,,,,,,,,,,,,,,,,,,,,,,,,,,,,,,,,,,,,,,,,,,,,,,,,,,,,,,,,,,,,,,,,,,,,,,,,,,,?F,?,?,F2,1,1,1,1,1,1,1,1,
Valerianaceae,Plantae,Magnoliophyta,inflorescence,T,,,,,,,,,,,,,,,,,,,,,,,,,,,,,,,,,,,,,,,,,,,,,,,,,,,,,,,,,,,,,,,,,,,,,,,,,?F,?,?,?,?,?,?,?,?,?,?,F2,1,1,
Verbenaceae,Plantae,Magnoliophyta,leaf,T,,,,,,,,,,,,,,,,,,,,,,,,,,,,,,,,,,,,,,,,,,,,,,,,,,,,,,,,,,,,,,,,,,,?F,?,?,?,?,F2,1,1,1,1,1,1,1,1,1,1,1,1,1,1,
Violaceae,Plantae,Magnoliophyta,,T,,,,,,,,,,,,,,,,,,,,,,,,,,,,,,,,,,,,,,,,,,,,,,,,,,,,,,,,,,,,,,,,,,,,,,,,,,,,,,,,,,,,,,,NFR
Viscaceae,Plantae,Magnoliophyta,,T,,,,,,,,,,,,,,,,,,,,,,,,,,,,,,,,,,,,,,,,,,,,,,,,,,,,,,,,,,,,,,,,,,,,,,,,,,,,,,,,,,,,,,,NFR
Vitaceae,Plantae,Magnoliophyta,"fruit,seed",T,,,,,,,,,,,,,,,,,,,,,,,,,,,,,,,,,,,,,,,,,,,,,,,,,,,,,,,,,,,,,,,,,,F1,1,1,1,1,1,1,1,1,1,1,1,1,1,1,1,1,1,1,1,1,
Vochysiaceae,Plantae,Magnoliophyta,wood,T,,,,,,,,,,,,,,,,,,,,,,,,,,,,,,,,,,,,,,,,,,,,,,,,,,,,,,,,,,,,,,,,,,,,,,,,,,,,,,,,,,,,,?F,F2,
Winteraceae,Plantae,Magnoliophyta,,T,,,,,,,,,,,,,,,,,,,,,,,,,,,,,,,,,,,,,,,,,,,,,,,,,,,,,,,,,,,,,,,,,,,,,,,,,,,,,,,,,,,,,,,NFR
Xyridaceae,Plantae,Magnoliophyta,,T,,,,,,,,,,,,,,,,,,,,,,,,,,,,,,,,,,,,,,,,,,,,,,,,,,,,,,,,,,,,,,,,,,,,,,,,,,,,,,,,,,,,,,,NFR
Zannichelliaceae,Plantae,Magnoliophyta,,T,,,,,,,,,,,,,,,,,,,,,,,,,,,,,,,,,,,,,,,,,,,,,,,,,,,,,,,,,,,,,,,,,,,,,,,,,,,,,,,,,,,,,,,NFR
Zingiberaceae,Plantae,Magnoliophyta,fruit,T,,,,,,,,,,,,,,,,,,,,,,,,,,,,,,,,,,,,,,,,,,,,,,,,,,,,,,,,,,,,,,,,,,,,,,,,,,,,,,F1,1,1,1,1,1,1,1,1,
Zosteraceae,Plantae,Magnoliophyta,,T,,,,,,,,,,,,,,,,,,,,,,,,,,,,,,,,,,,,,,,,,,,,,,,,,,,,,,,,,,,,,,,,,,,,,,,,,,,,,,,,,,,,,,,NFR
Zygophyllaceae,Plantae,Magnoliophyta,?,T,,,,,,,,,,,,,,,,,,,,,,,,,,,,,,,,,,,,,,,,,,,,,,,,,,,,,,,,,,,,,,,,,,,,,,,,,,?F,1,?,?,F2,1,1,1,1,1,1,1,1,